,savoy_flow,savoy_height,osage_creek_flow,osage_creek_height,hwy_16_flow,hwy_16_height,hwy_59_height,lake_francis_height,watts_ok_flow,watts_ok_height,day_of_year,seasonal_cycle,hour_of_day,hour_sin,hour_cos,precip_expected_mm_saturation,precip_fayetteville_saturation,precip_springdale_saturation,precip_bentonville_saturation,precip_siloam_saturation,savoy_height_3h_ago,savoy_height_6h_ago,savoy_height_12h_ago,savoy_height_24h_ago,savoy_height_trend_6h,savoy_height_trend_24h,osage_creek_flow_3h_ago,osage_creek_flow_6h_ago,osage_creek_flow_12h_ago,osage_creek_flow_24h_ago,osage_creek_flow_trend_6h,osage_creek_flow_trend_24h,savoy_trend,hwy_16_flow_3h_ago,hwy_16_flow_6h_ago,hwy_16_flow_12h_ago,hwy_16_flow_trend_6h,hwy_16_height_3h_ago,hwy_16_height_6h_ago,hwy_16_height_12h_ago,hwy_16_height_trend_6h,qpf_next_6h,qpf_next_12h,qpf_next_24h,hwy_59_flow_est,hwy_59_height_3h_ago,hwy_59_height_6h_ago,hwy_59_height_trend_6h,hwy_59_flow_est_3h_ago,hwy_59_flow_est_6h_ago,hwy_59_flow_est_trend_6h,precip_111101030502,precip_111101030503,precip_111101030606,precip_111101030607,precip_111101030403,precip_111101030401,precip_111101030402,precip_111101030201,precip_111101030203,precip_111101030204,precip_111101030303,precip_111101030101,precip_111101030102,precip_111101030103,precip_111101030602,precip_111101030603,precip_111101030504,precip_111101030605,precip_111101030202,precip_111101030301,precip_111101030502_3h_ago,precip_111101030502_6h_ago,precip_111101030502_12h_ago,precip_111101030502_3h_sum,precip_111101030502_6h_sum,precip_111101030502_24h_sum,precip_111101030502_48h_sum,precip_111101030502_168h_sum,precip_111101030502_720h_sum,precip_111101030502_runoff_risk,precip_111101030503_3h_ago,precip_111101030503_6h_ago,precip_111101030503_12h_ago,precip_111101030503_3h_sum,precip_111101030503_6h_sum,precip_111101030503_24h_sum,precip_111101030503_48h_sum,precip_111101030503_168h_sum,precip_111101030503_720h_sum,precip_111101030503_runoff_risk,precip_111101030606_3h_ago,precip_111101030606_6h_ago,precip_111101030606_12h_ago,precip_111101030606_3h_sum,precip_111101030606_6h_sum,precip_111101030606_24h_sum,precip_111101030606_48h_sum,precip_111101030606_168h_sum,precip_111101030606_720h_sum,precip_111101030606_runoff_risk,precip_111101030607_3h_ago,precip_111101030607_6h_ago,precip_111101030607_12h_ago,precip_111101030607_3h_sum,precip_111101030607_6h_sum,precip_111101030607_24h_sum,precip_111101030607_48h_sum,precip_111101030607_168h_sum,precip_111101030607_720h_sum,precip_111101030607_runoff_risk,precip_111101030403_3h_ago,precip_111101030403_6h_ago,precip_111101030403_12h_ago,precip_111101030403_3h_sum,precip_111101030403_6h_sum,precip_111101030403_24h_sum,precip_111101030403_48h_sum,precip_111101030403_168h_sum,precip_111101030403_720h_sum,precip_111101030403_runoff_risk,precip_111101030401_3h_ago,precip_111101030401_6h_ago,precip_111101030401_12h_ago,precip_111101030401_3h_sum,precip_111101030401_6h_sum,precip_111101030401_24h_sum,precip_111101030401_48h_sum,precip_111101030401_168h_sum,precip_111101030401_720h_sum,precip_111101030401_runoff_risk,precip_111101030402_3h_ago,precip_111101030402_6h_ago,precip_111101030402_12h_ago,precip_111101030402_3h_sum,precip_111101030402_6h_sum,precip_111101030402_24h_sum,precip_111101030402_48h_sum,precip_111101030402_168h_sum,precip_111101030402_720h_sum,precip_111101030402_runoff_risk,precip_111101030201_3h_ago,precip_111101030201_6h_ago,precip_111101030201_12h_ago,precip_111101030201_3h_sum,precip_111101030201_6h_sum,precip_111101030201_24h_sum,precip_111101030201_48h_sum,precip_111101030201_168h_sum,precip_111101030201_720h_sum,precip_111101030201_runoff_risk,precip_111101030203_3h_ago,precip_111101030203_6h_ago,precip_111101030203_12h_ago,precip_111101030203_3h_sum,precip_111101030203_6h_sum,precip_111101030203_24h_sum,precip_111101030203_48h_sum,precip_111101030203_168h_sum,precip_111101030203_720h_sum,precip_111101030203_runoff_risk,precip_111101030204_3h_ago,precip_111101030204_6h_ago,precip_111101030204_12h_ago,precip_111101030204_3h_sum,precip_111101030204_6h_sum,precip_111101030204_24h_sum,precip_111101030204_48h_sum,precip_111101030204_168h_sum,precip_111101030204_720h_sum,precip_111101030204_runoff_risk,precip_111101030303_3h_ago,precip_111101030303_6h_ago,precip_111101030303_12h_ago,precip_111101030303_3h_sum,precip_111101030303_6h_sum,precip_111101030303_24h_sum,precip_111101030303_48h_sum,precip_111101030303_168h_sum,precip_111101030303_720h_sum,precip_111101030303_runoff_risk,precip_111101030101_3h_ago,precip_111101030101_6h_ago,precip_111101030101_12h_ago,precip_111101030101_3h_sum,precip_111101030101_6h_sum,precip_111101030101_24h_sum,precip_111101030101_48h_sum,precip_111101030101_168h_sum,precip_111101030101_720h_sum,precip_111101030101_runoff_risk,precip_111101030102_3h_ago,precip_111101030102_6h_ago,precip_111101030102_12h_ago,precip_111101030102_3h_sum,precip_111101030102_6h_sum,precip_111101030102_24h_sum,precip_111101030102_48h_sum,precip_111101030102_168h_sum,precip_111101030102_720h_sum,precip_111101030102_runoff_risk,precip_111101030103_3h_ago,precip_111101030103_6h_ago,precip_111101030103_12h_ago,precip_111101030103_3h_sum,precip_111101030103_6h_sum,precip_111101030103_24h_sum,precip_111101030103_48h_sum,precip_111101030103_168h_sum,precip_111101030103_720h_sum,precip_111101030103_runoff_risk,precip_111101030602_3h_ago,precip_111101030602_6h_ago,precip_111101030602_12h_ago,precip_111101030602_3h_sum,precip_111101030602_6h_sum,precip_111101030602_24h_sum,precip_111101030602_48h_sum,precip_111101030602_168h_sum,precip_111101030602_720h_sum,precip_111101030602_runoff_risk,precip_111101030603_3h_ago,precip_111101030603_6h_ago,precip_111101030603_12h_ago,precip_111101030603_3h_sum,precip_111101030603_6h_sum,precip_111101030603_24h_sum,precip_111101030603_48h_sum,precip_111101030603_168h_sum,precip_111101030603_720h_sum,precip_111101030603_runoff_risk,precip_111101030504_3h_ago,precip_111101030504_6h_ago,precip_111101030504_12h_ago,precip_111101030504_3h_sum,precip_111101030504_6h_sum,precip_111101030504_24h_sum,precip_111101030504_48h_sum,precip_111101030504_168h_sum,precip_111101030504_720h_sum,precip_111101030504_runoff_risk,precip_111101030605_3h_ago,precip_111101030605_6h_ago,precip_111101030605_12h_ago,precip_111101030605_3h_sum,precip_111101030605_6h_sum,precip_111101030605_24h_sum,precip_111101030605_48h_sum,precip_111101030605_168h_sum,precip_111101030605_720h_sum,precip_111101030605_runoff_risk,precip_111101030202_3h_ago,precip_111101030202_6h_ago,precip_111101030202_12h_ago,precip_111101030202_3h_sum,precip_111101030202_6h_sum,precip_111101030202_24h_sum,precip_111101030202_48h_sum,precip_111101030202_168h_sum,precip_111101030202_720h_sum,precip_111101030202_runoff_risk,precip_111101030301_3h_ago,precip_111101030301_6h_ago,precip_111101030301_12h_ago,precip_111101030301_3h_sum,precip_111101030301_6h_sum,precip_111101030301_24h_sum,precip_111101030301_48h_sum,precip_111101030301_168h_sum,precip_111101030301_720h_sum,precip_111101030301_runoff_risk
2026-09-21 12:00:00+00:00,29.6,2.08,88.6,2.59,229.0,6.02,2.29,910.36,198.0,2.03,264,-0.9859481499638304,12,1.2246467991473532e-16,-1.0,0.0,2.1,2.4,3.725,1.6,1.99,2.03,1.99,2.03,0.0,0.02,80.1,80.1,80.1,80.1,-1.4000000000000057,1.5,0.0,226.0,229.0,226.0,3.0,6.01,6.02,6.01,0.0099999999999997,0.0,0.0,0.0,146.0,2.31,2.31,0.0,151.0,151.0,0.0,0.0,0.0,0.0,0.0,0.0,0.0,0.0,0.0,0.0,0.05,0.0,0.0,0.0,0.0,0.0,0.0,0.0,0.0,0.0,0.0,0.0,0.0,0.0,0.0,0.0,7.5,7.5,7.5,7.5,0.0,0.0,0.0,0.0,0.0,0.0,27.5,27.5,27.5,27.5,0.0,0.0,0.0,0.0,0.0,0.0,22.900000000000002,22.900000000000002,22.900000000000002,22.900000000000002,0.0,0.0,0.0,0.0,0.0,0.0,4.1,4.1,5.7,19.6,0.0,0.0,0.0,0.0,0.0,0.0,3.4,3.4,4.5,8.9,0.0,0.0,0.0,0.0,0.0,0.4,5.7,5.7,8.7,19.1,3.48,0.0,0.0,0.0,0.0,0.0,4.3,4.3,5.8,11.9,0.0,0.0,0.0,0.0,0.0,0.5,8.6,8.6,10.0,16.8,5.0,0.0,0.0,0.0,0.0,0.0,6.2,6.2,7.7,14.6,0.0,0.0,0.025,0.0,1.05,1.325,2.65,2.65,4.15,11.05,5.49875,0.0,0.0,0.0,0.0,0.0,1.8,1.8,1.8,1.8,0.0,0.0,0.0,0.0,0.0,0.1,1.3,1.3,4.3,14.700000000000001,0.43,0.0,0.0,0.0,0.0,0.1,4.3999999999999995,4.3999999999999995,6.0,13.299999999999999,0.6000000000000001,0.0,0.0,0.0,0.0,0.0,1.2,1.2,1.2,1.2,0.0,0.0,0.0,0.0,0.0,0.0,4.9,4.9,5.800000000000001,15.9,0.0,0.0,0.0,0.0,0.0,0.1,7.0,7.0,8.0,16.1,0.8,0.0,0.0,0.0,0.0,0.0,1.0,1.0,1.7000000000000002,22.900000000000002,0.0,0.0,0.0,0.0,0.0,0.0,3.4000000000000004,3.4000000000000004,5.8,19.5,0.0,0.0,0.0,0.0,0.0,0.1,15.1,15.1,16.7,23.3,1.67,0.0,0.0,0.0,0.0,0.1,3.6,3.6,6.199999999999999,16.599999999999998,0.62
2026-09-21 12:30:00+00:00,29.6,2.08,87.1,2.58,229.0,6.02,2.29,910.36,198.0,2.03,264,-0.9859481499638304,12,1.2246467991473532e-16,-1.0,0.0,2.1,2.4,3.775,1.6,2.01,2.03,2.01,2.03,0.0,0.02,80.1,80.1,80.1,80.1,-2.9000000000000057,0.0,0.0,229.0,229.0,229.0,3.0,6.02,6.02,6.02,0.0099999999999997,0.0,0.0,0.0,146.0,2.34,2.31,0.0,158.0,151.0,0.0,0.0,0.0,0.0,0.0,0.0,0.0,0.0,0.0,0.0,0.05,0.0,0.0,0.0,0.0,0.0,0.0,0.0,0.0,0.0,0.0,0.0,0.0,4.1,0.0,0.0,7.5,7.5,7.5,7.5,0.0,0.0,0.0,21.8,0.0,0.0,27.5,27.5,27.5,27.5,0.0,0.0,0.0,20.0,0.0,0.0,22.900000000000002,22.900000000000002,22.900000000000002,22.900000000000002,0.0,0.0,0.0,0.0,0.0,0.0,4.1,4.1,5.7,19.6,0.0,0.0,0.0,0.1,0.0,0.0,3.4,3.4,4.5,8.9,0.0,0.0,0.0,0.0,0.0,0.1,5.7,5.7,8.7,19.1,0.87,0.0,0.0,0.0,0.0,0.0,4.3,4.3,5.8,11.9,0.0,0.0,0.0,0.0,0.0,0.5,8.6,8.6,10.0,16.8,5.0,0.0,0.0,0.0,0.0,0.0,6.2,6.2,7.7,14.6,0.0,0.0,0.025,0.0,1.15,1.3750000000000002,2.75,2.75,4.25,11.15,5.843750000000001,0.0,0.0,0.0,0.0,0.0,1.8,1.8,1.8,1.8,0.0,0.0,0.1,0.1,0.0,0.0,1.3,1.3,4.3,14.700000000000001,0.0,0.0,0.0,1.2,0.0,0.0,4.3999999999999995,4.3999999999999995,6.0,13.299999999999999,0.0,0.0,0.0,0.5,0.0,0.0,1.2,1.2,1.2,1.2,0.0,0.0,0.0,0.6,0.0,0.0,4.9,4.9,5.800000000000001,15.9,0.0,0.0,0.0,1.2,0.0,0.0,7.0,7.0,8.0,16.1,0.0,0.0,0.0,0.0,0.0,0.0,1.0,1.0,1.7000000000000002,22.900000000000002,0.0,0.0,0.0,0.4,0.0,0.0,3.4000000000000004,3.4000000000000004,5.8,19.5,0.0,0.0,0.0,0.0,0.0,0.1,15.1,15.1,16.7,23.3,1.67,0.0,0.0,0.0,0.0,0.1,3.6,3.6,6.199999999999999,16.599999999999998,0.62
2026-09-21 13:00:00+00:00,29.6,2.08,87.1,2.58,229.0,6.02,2.29,910.35,198.0,2.03,264,-0.9859481499638304,13,-0.2588190451025208,-0.9659258262890684,0.0,2.1,2.55,3.8,1.6,2.02,2.03,2.02,2.03,0.0,0.02,81.5,80.1,81.5,80.1,-1.5,-4.400000000000006,0.0,229.0,229.0,229.0,0.0,6.02,6.02,6.02,0.0,0.0,0.0,0.0,146.0,2.32,2.31,0.0,153.0,151.0,0.0,0.0,0.0,0.0,0.0,0.0,0.0,0.0,0.0,0.0,0.0,0.0,0.0,0.0,0.0,0.0,0.0,0.0,0.0,0.0,0.0,0.0,0.0,0.0,0.0,0.0,7.5,7.5,7.5,7.5,0.0,0.0,0.0,0.0,0.0,0.0,27.5,27.5,27.5,27.5,0.0,0.0,0.0,0.0,0.0,0.0,22.900000000000002,22.900000000000002,22.900000000000002,22.900000000000002,0.0,0.0,0.0,0.0,0.0,0.0,4.1,4.1,5.7,19.6,0.0,0.0,0.0,0.0,0.0,0.0,3.4,3.4,4.5,8.9,0.0,0.0,0.0,0.0,0.0,0.1,5.7,5.7,8.7,19.1,0.87,0.0,0.0,0.0,0.0,0.0,4.3,4.3,5.8,11.9,0.0,0.0,0.0,0.0,0.0,0.5,8.6,8.6,10.0,16.8,5.0,0.0,0.0,0.0,0.0,0.0,6.2,6.2,7.7,14.6,0.0,0.125,0.05,0.0,1.075,1.3499999999999999,2.8,2.8,4.3,11.2,5.804999999999999,0.0,0.0,0.0,0.0,0.0,1.8,1.8,1.8,1.8,0.0,0.0,0.0,0.0,0.0,0.0,1.3,1.3,4.3,14.700000000000001,0.0,0.0,0.0,0.0,0.0,0.0,4.3999999999999995,4.3999999999999995,6.0,13.299999999999999,0.0,0.0,0.0,0.0,0.0,0.0,1.2,1.2,1.2,1.2,0.0,0.0,0.0,0.0,0.0,0.0,4.9,4.9,5.800000000000001,15.9,0.0,0.0,0.0,0.0,0.0,0.0,7.0,7.0,8.0,16.1,0.0,0.0,0.0,0.0,0.0,0.0,1.0,1.0,1.7000000000000002,22.900000000000002,0.0,0.0,0.0,0.0,0.0,0.0,3.4000000000000004,3.4000000000000004,5.8,19.5,0.0,0.0,0.0,0.0,0.0,0.1,15.1,15.1,16.7,23.3,1.67,0.0,0.0,0.0,0.0,0.1,3.6,3.6,6.199999999999999,16.599999999999998,0.62
2026-09-21 13:30:00+00:00,29.6,2.08,85.7,2.57,232.0,6.03,2.29,910.26,224.0,2.15,264,-0.9859481499638304,13,-0.2588190451025208,-0.9659258262890684,0.0,2.1,2.85,3.8,1.6,2.02,2.03,2.02,2.03,0.0,0.0100000000000002,82.9,78.7,82.9,78.7,-2.8999999999999915,-11.700000000000005,0.0,229.0,229.0,229.0,3.0,6.02,6.02,6.02,0.0100000000000006,0.0,0.0,0.0,146.0,2.32,2.31,0.0,153.0,151.0,0.0,0.0,0.0,0.0,0.0,0.0,0.0,0.0,0.0,0.0,0.0,0.0,0.0,0.0,0.0,0.0,0.0,0.0,0.0,0.0,0.0,0.0,0.0,0.0,0.0,0.0,7.5,7.5,7.5,7.5,0.0,0.0,0.0,0.0,0.0,0.0,27.5,27.5,27.5,27.5,0.0,0.0,0.0,0.0,0.0,0.0,22.900000000000002,22.900000000000002,22.900000000000002,22.900000000000002,0.0,0.0,0.0,0.0,0.0,0.0,4.1,4.1,5.7,19.6,0.0,0.0,0.0,0.3,0.0,0.0,3.4,3.4,4.5,8.9,0.0,0.0,0.0,0.0,0.0,0.1,5.7,5.7,8.7,19.1,0.87,0.0,0.0,0.6,0.0,0.0,4.3,4.3,5.8,11.9,0.0,0.0,0.0,2.5,0.0,0.5,8.6,8.6,10.0,16.8,5.0,0.0,0.0,3.2,0.0,0.0,6.2,6.2,7.7,14.6,0.0,0.125,0.05,0.0,0.825,1.25,2.8,2.8,4.3,11.2,5.375,0.0,0.0,0.7,0.0,0.0,1.8,1.8,1.8,1.8,0.0,0.0,0.0,0.1,0.0,0.0,1.3,1.3,4.3,14.700000000000001,0.0,0.0,0.0,0.0,0.0,0.0,4.3999999999999995,4.3999999999999995,6.0,13.299999999999999,0.0,0.0,0.0,0.0,0.0,0.0,1.2,1.2,1.2,1.2,0.0,0.0,0.0,0.0,0.0,0.0,4.9,4.9,5.800000000000001,15.9,0.0,0.0,0.0,0.0,0.0,0.0,7.0,7.0,8.0,16.1,0.0,0.0,0.0,0.0,0.0,0.0,1.0,1.0,1.7000000000000002,22.900000000000002,0.0,0.0,0.0,0.0,0.0,0.0,3.4000000000000004,3.4000000000000004,5.8,19.5,0.0,0.0,0.0,11.9,0.0,0.1,15.1,15.1,16.7,23.3,1.67,0.0,0.0,0.1,0.0,0.0,3.6,3.6,6.199999999999999,16.599999999999998,0.0
2026-09-21 14:00:00+00:00,29.6,2.08,82.9,2.55,229.0,6.02,2.29,910.12,269.0,2.33,264,-0.9859481499638304,14,-0.4999999999999997,-0.8660254037844388,0.0,2.1,3.025,3.825,1.675,2.02,2.03,2.02,2.03,0.0,0.0100000000000002,82.9,78.7,82.9,78.7,-4.199999999999989,-17.099999999999994,0.0,229.0,229.0,229.0,0.0,6.02,6.02,6.02,0.0,0.0,0.0,0.0,146.0,2.32,2.31,0.0,153.0,151.0,0.0,0.0,0.0,0.0,0.0,0.0,0.0,0.0,0.0,0.0,0.0,0.0,0.0,0.0,0.0,0.0,0.0,0.0,0.0,0.0,0.0,0.0,0.0,0.0,0.0,0.0,7.5,7.5,7.5,7.5,0.0,0.0,0.0,0.0,0.0,0.0,27.5,27.5,27.5,27.5,0.0,0.0,0.0,0.0,0.0,0.0,22.900000000000002,22.900000000000002,22.900000000000002,22.900000000000002,0.0,0.0,0.0,0.0,0.0,0.0,4.1,4.1,5.7,19.6,0.0,0.0,0.0,0.0,0.0,0.0,3.4,3.4,4.5,8.9,0.0,0.0,0.0,0.0,0.0,0.1,5.7,5.7,8.7,19.1,0.87,0.0,0.0,0.0,0.0,0.0,4.3,4.3,5.8,11.9,0.0,0.0,0.0,0.0,0.0,0.5,8.6,8.6,10.0,16.8,5.0,0.0,0.0,0.0,0.0,0.0,6.2,6.2,7.7,14.6,0.0,0.125,0.0,0.0,0.575,1.2,2.8,2.8,4.3,11.2,5.159999999999999,0.0,0.0,0.0,0.0,0.0,1.8,1.8,1.8,1.8,0.0,0.0,0.0,0.0,0.0,0.0,1.3,1.3,4.3,14.700000000000001,0.0,0.0,0.0,0.0,0.0,0.0,4.3999999999999995,4.3999999999999995,6.0,13.299999999999999,0.0,0.0,0.0,0.0,0.0,0.0,1.2,1.2,1.2,1.2,0.0,0.0,0.0,0.0,0.0,0.0,4.9,4.9,5.800000000000001,15.9,0.0,0.0,0.0,0.0,0.0,0.0,7.0,7.0,8.0,16.1,0.0,0.0,0.0,0.0,0.0,0.0,1.0,1.0,1.7000000000000002,22.900000000000002,0.0,0.0,0.0,0.0,0.0,0.0,3.4000000000000004,3.4000000000000004,5.8,19.5,0.0,0.0,0.0,0.0,0.0,0.1,15.1,15.1,16.7,23.3,1.67,0.0,0.0,0.0,0.0,0.0,3.6,3.6,6.199999999999999,16.599999999999998,0.0
2026-09-21 14:30:00+00:00,29.6,2.08,82.9,2.55,232.0,6.03,2.29,910.02,287.0,2.4,264,-0.9859481499638304,14,-0.4999999999999997,-0.8660254037844388,0.0,2.1,3.075,3.875,1.825,2.02,2.04,2.02,2.04,0.0,0.0100000000000002,84.3,76.0,84.3,76.0,-4.199999999999989,-16.099999999999994,0.0,229.0,229.0,229.0,3.0,6.02,6.02,6.02,0.0100000000000006,0.0,0.0,0.0,146.0,2.31,2.31,0.0,151.0,151.0,0.0,0.0,0.0,0.0,0.0,0.0,0.0,0.0,0.0,0.0,0.0,0.0,0.0,0.0,0.0,0.0,0.0,0.0,0.0,0.0,0.0,0.0,0.0,0.0,0.0,0.0,7.5,7.5,7.5,7.5,0.0,0.0,0.0,0.0,0.0,0.0,27.5,27.5,27.5,27.5,0.0,0.0,0.0,0.0,0.0,0.0,22.900000000000002,22.900000000000002,22.900000000000002,22.900000000000002,0.0,0.0,0.0,0.0,0.0,0.0,4.1,4.1,5.7,19.6,0.0,0.0,0.0,0.0,0.0,0.0,3.4,3.4,4.5,8.9,0.0,0.0,0.0,0.0,0.0,0.0,5.7,5.7,8.7,19.1,0.0,0.0,0.0,0.0,0.0,0.0,4.3,4.3,5.8,11.9,0.0,0.0,0.0,0.0,0.0,0.0,8.6,8.6,10.0,16.8,0.0,0.0,0.0,0.0,0.0,0.0,6.2,6.2,7.7,14.6,0.0,0.125,0.0,0.0,0.32499999999999996,1.2,2.8,2.8,4.3,11.2,5.159999999999999,0.0,0.0,0.0,0.0,0.0,1.8,1.8,1.8,1.8,0.0,0.0,0.0,0.0,0.0,0.0,1.3,1.3,4.3,14.700000000000001,0.0,0.0,0.0,0.0,0.0,0.0,4.3999999999999995,4.3999999999999995,6.0,13.299999999999999,0.0,0.0,0.0,0.0,0.0,0.0,1.2,1.2,1.2,1.2,0.0,0.0,0.0,0.0,0.0,0.0,4.9,4.9,5.800000000000001,15.9,0.0,0.0,0.0,0.0,0.0,0.0,7.0,7.0,8.0,16.1,0.0,0.0,0.0,0.0,0.0,0.0,1.0,1.0,1.7000000000000002,22.900000000000002,0.0,0.0,0.0,0.0,0.0,0.0,3.4000000000000004,3.4000000000000004,5.8,19.5,0.0,0.0,0.0,0.0,0.0,0.0,15.1,15.1,16.7,23.3,0.0,0.0,0.0,0.0,0.0,0.0,3.6,3.6,6.199999999999999,16.599999999999998,0.0
2026-09-21 15:00:00+00:00,29.6,2.08,82.9,2.55,232.0,6.03,2.31,909.95,290.0,2.41,264,-0.9859481499638304,15,-0.7071067811865471,-0.7071067811865479,0.0,2.125,3.1,3.9,2.025,2.03,2.03,2.03,2.03,0.0,0.0100000000000002,85.7,76.0,85.7,76.0,-2.799999999999997,-13.0,0.0,226.0,229.0,226.0,0.0,6.01,6.02,6.01,0.0,0.0,0.0,0.0,151.0,2.31,2.31,0.02,151.0,151.0,5.0,0.0,0.0,0.0,0.0,0.0,0.0,0.0,0.0,0.0,0.0,0.0,0.0,0.0,0.0,0.0,0.0,0.0,0.0,0.0,0.0,0.0,0.0,0.0,0.0,0.0,7.5,7.5,7.5,7.5,0.0,0.0,0.0,0.0,0.0,0.0,27.5,27.5,27.5,27.5,0.0,0.0,0.0,0.0,0.0,0.0,22.900000000000002,22.900000000000002,22.900000000000002,22.900000000000002,0.0,0.0,0.0,0.0,0.0,0.0,4.1,4.1,5.7,19.6,0.0,0.0,0.0,0.0,0.0,0.0,3.4,3.4,4.5,8.9,0.0,0.0,0.0,0.0,0.0,0.0,5.7,5.7,8.7,19.1,0.0,0.0,0.0,0.0,0.0,0.0,4.3,4.3,5.8,11.9,0.0,0.0,0.0,0.0,0.0,0.0,8.6,8.6,10.0,16.8,0.0,0.0,0.0,0.0,0.0,0.0,6.2,6.2,7.7,14.6,0.0,0.05,0.0,0.05,0.15000000000000002,1.2,2.8,2.8,4.3,11.2,5.159999999999999,0.0,0.0,0.0,0.0,0.0,1.8,1.8,1.8,1.8,0.0,0.0,0.0,0.0,0.0,0.0,1.3,1.3,4.3,14.700000000000001,0.0,0.0,0.0,0.0,0.0,0.0,4.3999999999999995,4.3999999999999995,6.0,13.299999999999999,0.0,0.0,0.0,0.0,0.0,0.0,1.2,1.2,1.2,1.2,0.0,0.0,0.0,0.0,0.0,0.0,4.9,4.9,5.800000000000001,15.9,0.0,0.0,0.0,0.0,0.0,0.0,7.0,7.0,8.0,16.1,0.0,0.0,0.0,0.0,0.0,0.0,1.0,1.0,1.7000000000000002,22.900000000000002,0.0,0.0,0.0,0.0,0.0,0.0,3.4000000000000004,3.4000000000000004,5.8,19.5,0.0,0.0,0.0,0.0,0.0,0.0,15.1,15.1,16.7,23.3,0.0,0.0,0.0,0.0,0.0,0.0,3.6,3.6,6.199999999999999,16.599999999999998,0.0
2026-09-21 15:30:00+00:00,29.6,2.08,82.9,2.55,234.0,6.04,2.31,909.92,264.0,2.31,264,-0.9859481499638304,15,-0.7071067811865471,-0.7071067811865479,0.0,2.175,3.1,3.9,2.2750000000000004,2.03,2.03,2.03,2.03,0.0,0.0100000000000002,85.7,76.0,85.7,76.0,0.0,-8.599999999999994,0.0,229.0,224.0,229.0,5.0,6.02,6.0,6.02,0.0200000000000004,0.0,0.0,0.0,151.0,2.32,2.31,0.02,153.0,151.0,5.0,0.0,0.0,0.0,0.0,0.0,0.0,0.0,0.0,0.0,0.0,0.0,0.0,0.0,0.0,0.0,0.0,0.0,0.0,0.0,0.0,0.0,0.0,0.0,0.0,0.0,7.5,7.5,7.5,7.5,0.0,0.0,0.0,0.0,0.0,0.0,27.5,27.5,27.5,27.5,0.0,0.0,0.0,0.0,0.0,0.0,22.900000000000002,22.900000000000002,22.900000000000002,22.900000000000002,0.0,0.0,0.0,0.0,0.0,0.0,4.1,4.1,5.7,19.6,0.0,0.0,0.0,0.0,0.0,0.0,3.4,3.4,4.5,8.9,0.0,0.0,0.0,0.0,0.0,0.0,5.7,5.7,8.7,19.1,0.0,0.0,0.0,0.0,0.0,0.0,4.3,4.3,5.8,11.9,0.0,0.0,0.0,0.0,0.0,0.0,8.6,8.6,10.0,16.8,0.0,0.0,0.0,0.0,0.0,0.0,6.2,6.2,7.7,14.6,0.0,0.05,0.0,0.05,0.05,1.2,2.8,2.8,4.3,11.2,5.159999999999999,0.0,0.0,0.0,0.0,0.0,1.8,1.8,1.8,1.8,0.0,0.0,0.0,0.0,0.0,0.0,1.3,1.3,4.3,14.700000000000001,0.0,0.0,0.0,0.0,0.0,0.0,4.3999999999999995,4.3999999999999995,6.0,13.299999999999999,0.0,0.0,0.0,0.0,0.0,0.0,1.2,1.2,1.2,1.2,0.0,0.0,0.0,0.0,0.0,0.0,4.9,4.9,5.800000000000001,15.9,0.0,0.0,0.0,0.0,0.0,0.0,7.0,7.0,8.0,16.1,0.0,0.0,0.0,0.0,0.0,0.0,1.0,1.0,1.7000000000000002,22.900000000000002,0.0,0.0,0.0,0.0,0.0,0.0,3.4000000000000004,3.4000000000000004,5.8,19.5,0.0,0.0,0.0,0.0,0.0,0.0,15.1,15.1,16.7,23.3,0.0,0.0,0.0,0.0,0.0,0.0,3.6,3.6,6.199999999999999,16.599999999999998,0.0
2026-09-21 16:00:00+00:00,29.6,2.08,82.9,2.55,234.0,6.04,2.31,909.95,234.0,2.19,264,-0.9859481499638304,16,-0.8660254037844384,-0.5000000000000004,0.0,2.325,3.5,4.1,2.55,2.04,2.04,2.04,2.04,0.0,0.0,85.7,74.7,85.7,74.7,0.0,-7.099999999999994,0.0,226.0,218.0,226.0,2.0,6.01,5.98,6.01,0.0099999999999997,0.0,0.0,0.0,151.0,2.31,2.32,0.02,151.0,153.0,5.0,0.0,0.0,0.0,0.0,0.0,0.0,0.0,0.0,0.0,0.0,0.0,0.0,0.0,0.0,0.0,0.0,0.0,0.0,0.0,0.0,0.0,0.0,0.0,0.0,0.0,7.5,7.5,7.5,7.5,0.0,0.0,0.0,0.0,0.0,0.0,27.5,27.5,27.5,27.5,0.0,0.0,0.0,0.0,0.0,0.0,22.900000000000002,22.900000000000002,22.900000000000002,22.900000000000002,0.0,0.0,0.0,0.0,0.0,0.0,4.1,4.1,5.7,19.6,0.0,0.0,0.0,0.0,0.0,0.0,3.4,3.4,4.5,8.9,0.0,0.0,0.0,0.0,0.0,0.0,5.7,5.7,8.7,19.1,0.0,0.0,0.0,0.0,0.0,0.0,4.3,4.3,5.8,11.9,0.0,0.0,0.0,0.0,0.0,0.0,8.6,8.6,10.0,16.8,0.0,0.0,0.0,0.0,0.0,0.0,6.2,6.2,7.7,14.6,0.0,0.0,0.125,0.0,0.0,1.075,2.8,2.8,4.3,11.2,4.6225,0.0,0.0,0.0,0.0,0.0,1.8,1.8,1.8,1.8,0.0,0.0,0.0,0.0,0.0,0.0,1.3,1.3,4.3,14.700000000000001,0.0,0.0,0.0,0.0,0.0,0.0,4.3999999999999995,4.3999999999999995,6.0,13.299999999999999,0.0,0.0,0.0,0.0,0.0,0.0,1.2,1.2,1.2,1.2,0.0,0.0,0.0,0.0,0.0,0.0,4.9,4.9,5.800000000000001,15.9,0.0,0.0,0.0,0.0,0.0,0.0,7.0,7.0,8.0,16.1,0.0,0.0,0.0,0.0,0.0,0.0,1.0,1.0,1.7000000000000002,22.900000000000002,0.0,0.0,0.0,0.0,0.0,0.0,3.4000000000000004,3.4000000000000004,5.8,19.5,0.0,0.0,0.0,0.0,0.0,0.0,15.1,15.1,16.7,23.3,0.0,0.0,0.0,0.0,0.0,0.0,3.6,3.6,6.199999999999999,16.599999999999998,0.0
2026-09-21 16:30:00+00:00,29.6,2.08,84.3,2.56,234.0,6.04,2.31,909.97,213.0,2.1,264,-0.9859481499638304,16,-0.8660254037844384,-0.5000000000000004,0.0,2.575,4.3,4.5,2.85,2.04,2.03,2.04,2.03,0.0,0.0,85.7,76.0,85.7,76.0,1.3999999999999917,-5.700000000000003,0.0,226.0,218.0,226.0,2.0,6.01,5.98,6.01,0.0099999999999997,0.0,0.0,0.0,151.0,2.31,2.31,0.0,151.0,151.0,0.0,0.0,0.0,0.0,0.0,0.0,0.0,0.0,0.0,0.0,0.0,0.0,0.0,0.0,0.0,0.0,0.0,0.0,0.0,0.0,0.0,0.0,0.0,0.0,0.0,0.0,7.5,7.5,7.5,7.5,0.0,0.0,0.0,0.0,0.0,0.0,27.5,27.5,27.5,27.5,0.0,0.0,0.0,0.0,0.0,0.0,22.900000000000002,22.900000000000002,22.900000000000002,22.900000000000002,0.0,0.0,0.0,0.0,0.0,0.0,4.1,4.1,5.7,19.6,0.0,0.0,0.0,0.0,0.0,0.0,3.4,3.4,4.5,8.9,0.0,0.0,0.0,0.0,0.0,0.0,5.7,5.7,8.7,19.1,0.0,0.0,0.0,0.0,0.0,0.0,4.3,4.3,5.8,11.9,0.0,0.0,0.0,0.0,0.0,0.0,8.6,8.6,10.0,16.8,0.0,0.0,0.0,0.0,0.0,0.0,6.2,6.2,7.7,14.6,0.0,0.0,0.125,0.0,0.0,0.8250000000000001,2.8,2.8,4.3,11.2,3.5475000000000003,0.0,0.0,0.0,0.0,0.0,1.8,1.8,1.8,1.8,0.0,0.0,0.0,0.0,0.0,0.0,1.3,1.3,4.3,14.700000000000001,0.0,0.0,0.0,0.0,0.0,0.0,4.3999999999999995,4.3999999999999995,6.0,13.299999999999999,0.0,0.0,0.0,0.0,0.0,0.0,1.2,1.2,1.2,1.2,0.0,0.0,0.0,0.0,0.0,0.0,4.9,4.9,5.800000000000001,15.9,0.0,0.0,0.0,0.0,0.0,0.0,7.0,7.0,8.0,16.1,0.0,0.0,0.0,0.0,0.0,0.0,1.0,1.0,1.7000000000000002,22.900000000000002,0.0,0.0,0.0,0.0,0.0,0.0,3.4000000000000004,3.4000000000000004,5.8,19.5,0.0,0.0,0.0,0.0,0.0,0.0,15.1,15.1,16.7,23.3,0.0,0.0,0.0,0.0,0.0,0.0,3.6,3.6,6.199999999999999,16.599999999999998,0.0
2026-09-21 17:00:00+00:00,28.8,2.07,85.7,2.57,237.0,6.05,2.3,909.99,202.0,2.05,264,-0.9859481499638304,17,-0.9659258262890684,-0.2588190451025206,0.0,2.975,4.7,4.725,3.0,2.04,2.03,2.04,2.03,-0.0100000000000002,-0.0100000000000002,87.1,76.0,87.1,76.0,2.799999999999997,-4.299999999999997,-0.0100000000000002,226.0,218.0,226.0,3.0,6.01,5.98,6.01,0.0099999999999997,0.0,0.0,0.0,148.0,2.31,2.32,-0.0100000000000002,151.0,153.0,-3.0,0.0,0.0,0.0,0.0,0.0,0.0,0.0,0.0,0.0,0.0,0.0,0.0,0.0,0.0,0.0,0.0,0.0,0.0,0.0,0.0,0.0,0.0,0.0,0.0,0.0,7.5,7.5,7.5,7.5,0.0,0.0,0.0,0.0,0.0,0.0,27.5,27.5,27.5,27.5,0.0,0.0,0.0,0.0,0.0,0.0,22.900000000000002,22.900000000000002,22.900000000000002,22.900000000000002,0.0,0.0,0.0,0.0,0.0,0.0,4.1,4.1,5.7,19.6,0.0,0.0,0.0,0.0,0.0,0.0,3.4,3.4,4.5,8.9,0.0,0.0,0.0,0.0,0.0,0.0,5.7,5.7,8.7,19.1,0.0,0.0,0.0,0.0,0.0,0.0,4.3,4.3,5.8,11.9,0.0,0.0,0.0,0.0,0.0,0.0,8.6,8.6,10.0,16.8,0.0,0.0,0.0,0.0,0.0,0.0,6.2,6.2,7.7,14.6,0.0,0.0,0.125,0.15,0.0,0.5750000000000001,2.8,2.8,4.3,11.2,2.4725,0.0,0.0,0.0,0.0,0.0,1.8,1.8,1.8,1.8,0.0,0.0,0.0,0.0,0.0,0.0,1.3,1.3,4.3,14.700000000000001,0.0,0.0,0.0,0.0,0.0,0.0,4.3999999999999995,4.3999999999999995,6.0,13.299999999999999,0.0,0.0,0.0,0.0,0.0,0.0,1.2,1.2,1.2,1.2,0.0,0.0,0.0,0.0,0.0,0.0,4.9,4.9,5.800000000000001,15.9,0.0,0.0,0.0,0.0,0.0,0.0,7.0,7.0,8.0,16.1,0.0,0.0,0.0,0.0,0.0,0.0,1.0,1.0,1.7000000000000002,22.900000000000002,0.0,0.0,0.0,0.0,0.0,0.0,3.4000000000000004,3.4000000000000004,5.8,19.5,0.0,0.0,0.0,0.0,0.0,0.0,15.1,15.1,16.7,23.3,0.0,0.0,0.0,0.0,0.0,0.0,3.6,3.6,6.199999999999999,16.599999999999998,0.0
2026-09-21 17:30:00+00:00,28.8,2.07,85.7,2.57,237.0,6.05,2.32,910.0,196.0,2.02,264,-0.9859481499638304,17,-0.9659258262890684,-0.2588190451025206,0.0,3.525,4.7,4.775,3.0,2.05,2.03,2.05,2.03,-0.0100000000000002,-0.0100000000000002,87.1,76.0,87.1,76.0,2.799999999999997,-2.8999999999999915,0.0,226.0,218.0,226.0,3.0,6.01,5.98,6.01,0.0099999999999997,0.0,0.0,0.0,153.0,2.31,2.32,0.0099999999999997,151.0,153.0,2.0,0.0,0.0,0.0,0.0,0.0,0.0,0.0,0.0,0.0,0.0,0.0,0.0,0.0,0.0,0.0,0.0,0.0,0.0,0.0,0.0,0.0,0.0,0.0,0.0,0.0,7.5,7.5,7.5,7.5,0.0,0.0,0.0,0.0,0.0,0.0,27.5,27.5,27.5,27.5,0.0,0.0,0.0,0.0,0.0,0.0,22.900000000000002,22.900000000000002,22.900000000000002,22.900000000000002,0.0,0.0,0.0,0.0,0.0,0.0,4.1,4.1,5.7,19.6,0.0,0.0,0.0,0.0,0.0,0.0,3.4,3.4,4.5,8.9,0.0,0.0,0.0,0.0,0.0,0.0,5.7,5.7,8.7,19.1,0.0,0.0,0.0,0.0,0.0,0.0,4.3,4.3,5.8,11.9,0.0,0.0,0.0,0.0,0.0,0.0,8.6,8.6,10.0,16.8,0.0,0.0,0.0,0.0,0.0,0.0,6.2,6.2,7.7,14.6,0.0,0.0,0.125,0.15,0.0,0.32500000000000007,2.8,2.8,4.3,11.2,1.3975000000000002,0.0,0.0,0.0,0.0,0.0,1.8,1.8,1.8,1.8,0.0,0.0,0.0,0.0,0.0,0.0,1.3,1.3,4.3,14.700000000000001,0.0,0.0,0.0,0.0,0.0,0.0,4.3999999999999995,4.3999999999999995,6.0,13.299999999999999,0.0,0.0,0.0,0.0,0.0,0.0,1.2,1.2,1.2,1.2,0.0,0.0,0.0,0.0,0.0,0.0,4.9,4.9,5.800000000000001,15.9,0.0,0.0,0.0,0.0,0.0,0.0,7.0,7.0,8.0,16.1,0.0,0.0,0.0,0.0,0.0,0.0,1.0,1.0,1.7000000000000002,22.900000000000002,0.0,0.0,0.0,0.0,0.0,0.0,3.4000000000000004,3.4000000000000004,5.8,19.5,0.0,0.0,0.0,0.0,0.0,0.0,15.1,15.1,16.7,23.3,0.0,0.0,0.0,0.0,0.0,0.0,3.6,3.6,6.199999999999999,16.599999999999998,0.0
2026-09-21 18:00:00+00:00,28.8,2.07,87.1,2.58,237.0,6.05,2.32,910.01,191.0,2.0,264,-0.9859481499638304,18,-1.0,-1.8369701987210294e-16,0.0,3.8,4.7,4.8,3.0,2.06,2.02,2.06,2.02,-0.0100000000000002,-0.0100000000000002,87.1,76.0,87.1,76.0,2.799999999999997,-1.5,0.0,226.0,224.0,226.0,3.0,6.01,6.0,6.01,0.0099999999999997,0.0,0.0,0.0,153.0,2.31,2.33,0.0099999999999997,151.0,155.0,2.0,0.0,0.0,0.0,0.0,0.0,0.0,0.0,0.0,0.0,0.0,0.0,0.0,0.0,0.0,0.0,0.0,0.0,0.0,0.0,0.0,0.0,0.0,0.0,0.0,0.0,7.5,7.5,7.5,7.5,0.0,0.0,0.0,0.0,0.0,0.0,27.5,27.5,27.5,27.5,0.0,0.0,0.0,0.0,0.0,0.0,22.900000000000002,22.900000000000002,22.900000000000002,22.900000000000002,0.0,0.0,0.0,0.0,0.0,0.0,4.1,4.1,5.7,19.6,0.0,0.0,0.0,0.0,0.0,0.0,3.4,3.4,4.5,8.9,0.0,0.0,0.0,0.0,0.0,0.0,5.7,5.7,8.7,19.1,0.0,0.0,0.0,0.0,0.0,0.0,4.3,4.3,5.8,11.9,0.0,0.0,0.0,0.0,0.0,0.0,8.6,8.6,10.0,16.8,0.0,0.0,0.0,0.0,0.0,0.0,6.2,6.2,7.7,14.6,0.0,0.0,0.05,0.025,0.0,0.15000000000000002,2.8,2.8,4.3,11.2,0.645,0.0,0.0,0.0,0.0,0.0,1.8,1.8,1.8,1.8,0.0,0.0,0.0,0.0,0.0,0.0,1.3,1.3,4.3,14.700000000000001,0.0,0.0,0.0,0.0,0.0,0.0,4.3999999999999995,4.3999999999999995,6.0,13.299999999999999,0.0,0.0,0.0,0.0,0.0,0.0,1.2,1.2,1.2,1.2,0.0,0.0,0.0,0.0,0.0,0.0,4.9,4.9,5.800000000000001,15.9,0.0,0.0,0.0,0.0,0.0,0.0,7.0,7.0,8.0,16.1,0.0,0.0,0.0,0.0,0.0,0.0,1.0,1.0,1.7000000000000002,22.900000000000002,0.0,0.0,0.0,0.0,0.0,0.0,3.4000000000000004,3.4000000000000004,5.8,19.5,0.0,0.0,0.0,0.0,0.0,0.0,15.1,15.1,16.7,23.3,0.0,0.0,0.0,0.0,0.0,0.0,3.6,3.6,6.199999999999999,16.599999999999998,0.0
2026-09-21 18:30:00+00:00,28.0,2.06,87.1,2.58,237.0,6.05,2.33,909.99,202.0,2.05,264,-0.9859481499638304,18,-1.0,-1.8369701987210294e-16,0.0,3.8,4.7,4.8,3.0,2.06,2.02,2.06,2.02,-0.0099999999999997,-0.02,87.1,76.0,87.1,76.0,1.3999999999999917,0.0,-0.0099999999999997,226.0,221.0,226.0,0.0,6.01,5.99,6.01,0.0,0.0,0.0,0.0,155.0,2.31,2.31,0.0300000000000002,151.0,151.0,7.0,0.0,0.0,0.0,0.0,0.0,0.0,0.0,0.0,0.0,0.0,0.0,0.0,0.0,0.0,0.0,0.0,0.0,0.0,0.0,0.0,0.0,0.0,0.0,0.0,0.0,7.5,7.5,7.5,7.5,0.0,0.0,0.0,0.0,0.0,0.0,27.5,27.5,27.5,27.5,0.0,0.0,0.0,0.0,0.0,0.0,22.900000000000002,22.900000000000002,22.900000000000002,22.900000000000002,0.0,0.0,0.0,0.0,0.0,0.0,4.1,4.1,5.7,19.6,0.0,0.0,0.0,0.0,0.0,0.0,3.4,3.4,4.5,8.9,0.0,0.0,0.0,0.0,0.0,0.0,5.7,5.7,8.7,19.1,0.0,0.0,0.0,0.0,0.0,0.0,4.3,4.3,5.8,11.9,0.0,0.0,0.0,0.0,0.0,0.0,8.6,8.6,10.0,16.8,0.0,0.0,0.0,0.0,0.0,0.0,6.2,6.2,7.7,14.6,0.0,0.0,0.05,0.025,0.0,0.05,2.8,2.8,4.3,11.2,0.215,0.0,0.0,0.0,0.0,0.0,1.8,1.8,1.8,1.8,0.0,0.0,0.0,0.1,0.0,0.0,1.3,1.3,4.3,14.700000000000001,0.0,0.0,0.0,0.0,0.0,0.0,4.3999999999999995,4.3999999999999995,6.0,13.299999999999999,0.0,0.0,0.0,0.0,0.0,0.0,1.2,1.2,1.2,1.2,0.0,0.0,0.0,0.0,0.0,0.0,4.9,4.9,5.800000000000001,15.9,0.0,0.0,0.0,0.0,0.0,0.0,7.0,7.0,8.0,16.1,0.0,0.0,0.0,0.0,0.0,0.0,1.0,1.0,1.7000000000000002,22.900000000000002,0.0,0.0,0.0,0.0,0.0,0.0,3.4000000000000004,3.4000000000000004,5.8,19.5,0.0,0.0,0.0,0.0,0.0,0.0,15.1,15.1,16.7,23.3,0.0,0.0,0.0,0.0,0.0,0.0,3.6,3.6,6.199999999999999,16.599999999999998,0.0
2026-09-21 19:00:00+00:00,28.0,2.06,87.1,2.58,240.0,6.06,2.34,909.97,198.0,2.03,264,-0.9859481499638304,19,-0.9659258262890684,0.2588190451025203,0.0,3.8,4.7,4.8,3.0,2.06,2.02,2.06,2.02,-0.0099999999999997,-0.02,91.5,76.0,91.5,76.0,1.3999999999999917,0.0,0.0,226.0,218.0,226.0,3.0,6.01,5.98,6.01,0.0099999999999997,0.0,0.0,0.0,158.0,2.31,2.33,0.02,151.0,155.0,5.0,0.0,0.0,0.0,0.0,0.0,0.0,0.0,0.0,0.0,0.025,0.0,0.0,0.0,0.0,0.0,0.0,0.0,0.0,0.0,0.0,0.0,0.0,0.0,0.0,0.0,7.5,7.5,7.5,7.5,0.0,0.0,0.0,0.0,0.0,0.0,27.5,27.5,27.5,27.5,0.0,0.0,0.0,0.0,0.0,0.0,22.900000000000002,22.900000000000002,22.900000000000002,22.900000000000002,0.0,0.0,0.0,0.0,0.0,0.0,4.1,4.1,5.7,19.6,0.0,0.0,0.0,0.0,0.0,0.0,3.4,3.4,4.5,8.9,0.0,0.0,0.0,0.0,0.0,0.0,5.7,5.7,8.575,19.1,0.0,0.0,0.0,0.0,0.0,0.0,4.3,4.3,5.7749999999999995,11.9,0.0,0.0,0.0,0.0,0.0,0.0,8.6,8.6,10.0,16.8,0.0,0.0,0.0,0.0,0.0,0.0,6.2,6.2,7.7,14.6,0.0,0.0,0.0,0.05,0.025,0.025,2.825,2.825,4.325,11.225,0.10812500000000001,0.0,0.0,0.0,0.0,0.0,1.8,1.8,1.8,1.8,0.0,0.0,0.0,0.0,0.0,0.0,1.3,1.3,4.175,14.700000000000001,0.0,0.0,0.0,0.0,0.0,0.0,4.3999999999999995,4.3999999999999995,5.85,13.299999999999999,0.0,0.0,0.0,0.0,0.0,0.0,1.2,1.2,1.2,1.2,0.0,0.0,0.0,0.0,0.0,0.0,4.9,4.9,5.800000000000001,15.9,0.0,0.0,0.0,0.0,0.0,0.0,7.0,7.0,7.95,16.1,0.0,0.0,0.0,0.0,0.0,0.0,1.0,1.0,1.7000000000000002,22.900000000000002,0.0,0.0,0.0,0.0,0.0,0.0,3.4000000000000004,3.4000000000000004,5.675,19.5,0.0,0.0,0.0,0.0,0.0,0.0,15.1,15.1,16.7,23.3,0.0,0.0,0.0,0.0,0.0,0.0,3.6,3.6,6.199999999999999,16.599999999999998,0.0
2026-09-21 19:30:00+00:00,28.0,2.06,87.1,2.58,240.0,6.06,2.35,909.95,211.0,2.09,264,-0.9859481499638304,19,-0.9659258262890684,0.2588190451025203,0.0,3.8,4.7,4.8,3.0,2.07,2.02,2.07,2.02,-0.0099999999999997,-0.02,97.4,76.0,97.4,76.0,0.0,1.3999999999999917,0.0,226.0,218.0,226.0,3.0,6.01,5.98,6.01,0.0099999999999997,0.0,0.0,0.0,160.0,2.3,2.31,0.0300000000000002,148.0,151.0,7.0,0.0,0.0,0.0,0.0,0.0,0.0,0.0,0.0,0.0,0.025,0.0,0.0,0.0,0.0,0.0,0.0,0.0,0.0,0.0,0.0,0.0,0.0,0.0,0.0,0.0,7.5,7.5,7.5,7.5,0.0,0.0,0.0,0.0,0.0,0.0,27.5,27.5,27.5,27.5,0.0,0.0,0.0,0.0,0.0,0.0,22.900000000000002,22.900000000000002,22.900000000000002,22.900000000000002,0.0,0.0,0.0,0.0,0.0,0.0,4.1,4.1,5.7,19.6,0.0,0.0,0.0,0.0,0.0,0.0,3.4,3.4,4.5,8.9,0.0,0.0,0.0,0.0,0.0,0.0,5.7,5.7,8.325,19.1,0.0,0.0,0.0,0.0,0.0,0.0,4.3,4.3,5.725,11.9,0.0,0.0,0.0,0.0,0.0,0.0,8.6,8.6,10.0,16.8,0.0,0.0,0.0,0.0,0.0,0.0,6.2,6.2,7.7,14.6,0.0,0.0,0.0,0.05,0.07500000000000001,0.07500000000000001,2.875,2.875,4.375,11.275,0.32812500000000006,0.0,0.0,0.0,0.0,0.0,1.8,1.8,1.8,1.8,0.0,0.0,0.0,0.0,0.0,0.0,1.3,1.3,3.925,14.700000000000001,0.0,0.0,0.0,0.0,0.0,0.0,4.3999999999999995,4.3999999999999995,5.55,13.299999999999999,0.0,0.0,0.0,0.0,0.0,0.0,1.2,1.2,1.2,1.2,0.0,0.0,0.0,0.0,0.0,0.0,4.9,4.9,5.800000000000001,15.9,0.0,0.0,0.0,0.0,0.0,0.0,7.0,7.0,7.85,16.1,0.0,0.0,0.0,0.0,0.0,0.0,1.0,1.0,1.7000000000000002,22.900000000000002,0.0,0.0,0.0,0.0,0.0,0.0,3.4000000000000004,3.4000000000000004,5.425,19.5,0.0,0.0,0.0,0.0,0.0,0.0,15.1,15.1,16.7,23.3,0.0,0.0,0.0,0.0,0.0,0.0,3.6,3.6,6.199999999999999,16.599999999999998,0.0
2026-09-21 20:00:00+00:00,28.0,2.06,87.1,2.58,240.0,6.06,2.35,909.94,209.0,2.08,264,-0.9859481499638304,20,-0.8660254037844386,0.5000000000000001,0.0,3.8,4.7,4.8,3.0,2.07,2.02,2.07,2.02,0.0,-0.02,100.0,76.0,100.0,76.0,0.0,4.199999999999989,0.0,226.0,221.0,226.0,3.0,6.01,5.99,6.01,0.0099999999999997,0.0,0.0,0.0,160.0,2.3,2.32,0.02,148.0,153.0,5.0,0.0,0.0,0.0,0.0,0.0,0.0,0.0,0.0,0.0,0.025,0.0,0.0,0.0,0.0,0.0,0.0,0.0,0.0,0.0,0.0,0.0,0.0,0.0,0.0,0.0,7.5,7.5,7.5,7.5,0.0,0.0,0.0,0.0,0.0,0.0,27.5,27.5,27.5,27.5,0.0,0.0,0.0,0.0,0.0,0.0,22.900000000000002,22.900000000000002,22.900000000000002,22.900000000000002,0.0,0.0,0.0,0.0,0.0,0.0,4.074999999999999,4.1,5.7,19.6,0.0,0.0,0.0,0.0,0.0,0.0,3.4,3.4,4.4,8.9,0.0,0.0,0.0,0.0,0.0,0.0,5.7,5.7,8.15,19.1,0.0,0.0,0.0,0.0,0.0,0.0,4.3,4.3,5.625,11.9,0.0,0.0,0.0,0.0,0.0,0.0,8.6,8.6,9.9,16.8,0.0,0.0,0.0,0.0,0.0,0.0,6.2,6.2,7.625,14.6,0.0,0.0,0.0,0.0,0.125,0.125,2.925,2.925,4.35,11.325,0.54375,0.0,0.0,0.0,0.0,0.0,1.8,1.8,1.8,1.8,0.0,0.0,0.0,0.0,0.0,0.0,1.3,1.3,3.75,14.700000000000001,0.0,0.0,0.0,0.0,0.0,0.0,4.3999999999999995,4.3999999999999995,5.375,13.299999999999999,0.0,0.0,0.0,0.0,0.0,0.0,1.2,1.2,1.2,1.2,0.0,0.0,0.0,0.0,0.0,0.0,4.9,4.9,5.750000000000001,15.9,0.0,0.0,0.0,0.0,0.0,0.0,7.0,7.0,7.75,16.1,0.0,0.0,0.0,0.0,0.0,0.0,1.0,1.0,1.7000000000000002,22.900000000000002,0.0,0.0,0.0,0.0,0.0,0.0,3.4000000000000004,3.4000000000000004,5.3,19.5,0.0,0.0,0.0,0.0,0.0,0.0,15.1,15.1,16.625,23.3,0.0,0.0,0.0,0.0,0.0,0.0,3.6,3.6,6.1499999999999995,16.599999999999998,0.0
2026-09-21 20:30:00+00:00,28.0,2.06,90.0,2.6,240.0,6.06,2.35,909.92,211.0,2.09,264,-0.9859481499638304,20,-0.8660254037844386,0.5000000000000001,0.0,3.8,4.7,4.8,3.0,2.07,2.01,2.07,2.01,0.0,-0.02,99.0,76.0,99.0,76.0,2.9000000000000057,7.099999999999994,0.0,226.0,221.0,226.0,0.0,6.01,5.99,6.01,0.0,0.0,0.0,0.0,160.0,2.3,2.32,0.0100000000000002,148.0,153.0,2.0,0.0,0.0,0.0,0.0,0.0,0.0,0.0,0.0,0.0,0.025,0.0,0.0,0.0,0.0,0.0,0.0,0.0,0.0,0.0,0.0,0.0,0.0,0.0,0.0,0.0,7.5,7.5,7.5,7.5,0.0,0.0,0.0,0.0,0.0,0.0,27.5,27.5,27.5,27.5,0.0,0.0,0.0,0.0,0.0,0.0,22.900000000000002,22.900000000000002,22.900000000000002,22.900000000000002,0.0,0.0,0.0,0.0,0.0,0.0,4.0249999999999995,4.1,5.7,19.6,0.0,0.0,0.0,0.0,0.0,0.0,3.4,3.4,4.2,8.9,0.0,0.0,0.0,0.0,0.0,0.0,5.7,5.7,8.049999999999999,19.1,0.0,0.0,0.0,0.0,0.0,0.0,4.3,4.3,5.475,11.9,0.0,0.0,0.0,0.0,0.0,0.0,8.6,8.6,9.7,16.8,0.0,0.0,0.0,0.0,0.0,0.0,6.2,6.2,7.4750000000000005,14.6,0.0,0.0,0.0,0.0,0.17500000000000002,0.17500000000000002,2.975,2.975,4.25,11.375,0.74375,0.0,0.0,0.0,0.0,0.0,1.8,1.8,1.8,1.8,0.0,0.0,0.0,0.0,0.0,0.0,1.3,1.3,3.65,14.700000000000001,0.0,0.0,0.0,0.0,0.0,0.0,4.3999999999999995,4.3999999999999995,5.325,13.299999999999999,0.0,0.0,0.0,0.0,0.0,0.0,1.2,1.2,1.2,1.2,0.0,0.0,0.0,0.0,0.0,0.0,4.9,4.9,5.65,15.9,0.0,0.0,0.0,0.0,0.0,0.0,7.0,7.0,7.65,16.1,0.0,0.0,0.0,0.0,0.0,0.0,1.0,1.0,1.7000000000000002,22.900000000000002,0.0,0.0,0.0,0.0,0.0,0.0,3.4000000000000004,3.4000000000000004,5.3,19.5,0.0,0.0,0.0,0.0,0.0,0.0,15.1,15.1,16.474999999999998,23.3,0.0,0.0,0.0,0.0,0.0,0.0,3.6,3.6,6.05,16.599999999999998,0.0
2026-09-21 21:00:00+00:00,28.0,2.06,93.0,2.62,240.0,6.06,2.36,909.93,209.0,2.08,264,-0.9859481499638304,21,-0.7071067811865477,0.7071067811865474,0.0,3.8,4.7,4.8,3.0,2.07,2.01,2.07,2.01,0.0,-0.02,95.9,76.0,95.9,76.0,5.900000000000006,10.099999999999994,0.0,226.0,224.0,226.0,0.0,6.01,6.0,6.01,0.0,0.0,0.0,0.0,163.0,2.29,2.32,0.0099999999999997,146.0,153.0,3.0,0.0,0.0,0.0,0.0,0.0,0.0,0.0,0.0,0.0,0.2,0.0,0.0,0.0,0.0,0.0,0.0,0.0,0.0,0.0,0.0,0.0,0.0,0.0,0.0,0.0,7.5,7.5,7.5,7.5,0.0,0.0,0.0,0.0,0.0,0.0,27.5,27.5,27.5,27.5,0.0,0.0,0.0,0.0,0.0,0.0,22.900000000000002,22.900000000000002,22.900000000000002,22.900000000000002,0.0,0.0,0.0,0.0,0.0,0.0,3.75,4.1,5.7,19.6,0.0,0.0,0.0,0.0,0.0,0.0,3.4,3.4,4.1,8.9,0.0,0.0,0.0,0.0,0.0,0.0,5.7,5.7,7.95,19.1,0.0,0.0,0.0,0.0,0.0,0.0,4.3,4.3,5.3,11.9,0.0,0.0,0.0,0.0,0.0,0.0,8.6,8.6,9.6,16.8,0.0,0.0,0.0,0.0,0.0,0.0,6.2,6.2,7.25,14.6,0.0,0.0,0.0,0.0,0.4,0.4,3.2,3.2,4.25,11.6,1.7000000000000002,0.0,0.0,0.0,0.0,0.0,1.8,1.8,1.8,1.8,0.0,0.0,0.0,0.0,0.0,0.0,1.3,1.3,3.55,14.700000000000001,0.0,0.0,0.0,0.0,0.0,0.0,4.3999999999999995,4.3999999999999995,5.275,13.299999999999999,0.0,0.0,0.0,0.0,0.0,0.0,1.2,1.2,1.2,1.2,0.0,0.0,0.0,0.0,0.0,0.0,4.3500000000000005,4.9,5.6000000000000005,15.9,0.0,0.0,0.0,0.0,0.0,0.0,7.0,7.0,7.6,16.1,0.0,0.0,0.0,0.0,0.0,0.0,0.775,1.0,1.7000000000000002,22.900000000000002,0.0,0.0,0.0,0.0,0.0,0.0,3.4000000000000004,3.4000000000000004,5.3,19.5,0.0,0.0,0.0,0.0,0.0,0.0,15.1,15.1,16.3,23.3,0.0,0.0,0.0,0.0,0.0,0.0,3.6,3.6,5.999999999999999,16.599999999999998,0.0
2026-09-21 21:30:00+00:00,28.8,2.07,94.4,2.63,243.0,6.07,2.37,909.97,193.0,2.01,264,-0.9859481499638304,21,-0.7071067811865477,0.7071067811865474,0.0,3.8,4.7,4.8,3.0,2.07,2.01,2.07,2.01,0.0099999999999997,-0.0100000000000002,91.5,74.7,91.5,74.7,7.300000000000011,11.5,0.0099999999999997,226.0,226.0,226.0,3.0,6.01,6.01,6.01,0.0100000000000006,0.0,0.0,0.0,165.0,2.29,2.32,0.02,146.0,153.0,5.0,0.0,0.0,0.0,0.0,0.0,0.0,0.0,0.0,0.0,0.2,0.0,0.0,0.0,0.0,0.0,0.0,0.0,0.0,0.0,0.0,0.0,0.0,0.0,0.0,0.0,7.5,7.5,7.5,7.5,0.0,0.0,0.0,0.0,0.0,0.0,27.5,27.5,27.5,27.5,0.0,0.0,0.0,0.0,0.0,0.0,22.900000000000002,22.900000000000002,22.900000000000002,22.900000000000002,0.0,0.0,0.0,0.0,0.0,0.0,3.25,4.1,5.7,19.6,0.0,0.0,0.0,0.0,0.0,0.0,3.4,3.4,4.1,8.9,0.0,0.0,0.0,0.0,0.0,0.0,5.7,5.7,7.8500000000000005,19.1,0.0,0.0,0.0,0.0,0.0,0.0,4.3,4.3,5.1,11.9,0.0,0.0,0.0,0.0,0.0,0.0,8.6,8.6,9.6,16.8,0.0,0.0,0.0,0.0,0.0,0.0,6.2,6.2,6.95,14.6,0.0,0.0,0.0,0.0,0.8,0.8,3.6,3.6,4.35,12.0,3.48,0.0,0.0,0.0,0.0,0.0,1.8,1.8,1.8,1.8,0.0,0.0,0.0,0.0,0.0,0.0,1.3,1.3,3.45,14.700000000000001,0.0,0.0,0.0,0.0,0.0,0.0,4.3999999999999995,4.3999999999999995,5.225,13.299999999999999,0.0,0.0,0.0,0.0,0.0,0.0,1.2,1.2,1.2,1.2,0.0,0.0,0.0,0.0,0.0,0.0,3.25,4.9,5.6000000000000005,15.9,0.0,0.0,0.0,0.0,0.0,0.0,7.0,7.0,7.6,16.1,0.0,0.0,0.0,0.0,0.0,0.0,0.32499999999999996,1.0,1.7000000000000002,22.900000000000002,0.0,0.0,0.0,0.0,0.0,0.0,3.4000000000000004,3.4000000000000004,5.3,19.5,0.0,0.0,0.0,0.0,0.0,0.0,15.1,15.1,16.099999999999998,23.3,0.0,0.0,0.0,0.0,0.0,0.0,3.6,3.6,5.999999999999999,16.599999999999998,0.0
2026-09-21 22:00:00+00:00,28.8,2.07,95.9,2.64,243.0,6.07,2.37,909.99,183.0,1.96,264,-0.9859481499638304,22,-0.5000000000000004,0.8660254037844384,0.0,3.8,4.7,4.8,3.0,2.08,2.0,2.08,2.0,0.0099999999999997,-0.0100000000000002,90.0,74.7,90.0,74.7,5.900000000000006,13.0,0.0,226.0,237.0,226.0,3.0,6.01,6.05,6.01,0.0100000000000006,0.0,0.0,0.0,165.0,2.29,2.31,0.02,146.0,151.0,5.0,0.0,0.0,0.0,0.0,0.0,0.0,0.0,0.0,0.0,0.15,0.0,0.0,0.0,0.0,0.0,0.0,0.0,0.0,0.0,0.0,0.0,0.0,0.0,0.0,0.0,7.5,7.5,7.5,7.5,0.0,0.0,0.0,0.0,0.0,0.0,27.5,27.5,27.5,27.5,0.0,0.0,0.0,0.0,0.0,0.0,22.900000000000002,22.900000000000002,22.900000000000002,22.900000000000002,0.0,0.0,0.0,0.0,0.0,0.0,2.975,4.1,5.7,19.6,0.0,0.0,0.0,0.0,0.0,0.0,2.8,3.4,4.025,8.9,0.0,0.0,0.0,0.0,0.0,0.0,5.575,5.7,7.800000000000001,19.1,0.0,0.0,0.0,0.0,0.0,0.0,3.925,4.3,4.95,11.9,0.0,0.0,0.0,0.0,0.0,0.0,8.6,8.6,9.6,16.8,0.0,0.0,0.0,0.0,0.0,0.0,6.15,6.2,6.75,14.6,0.0,0.025,0.0,0.125,1.125,1.1500000000000001,3.9000000000000004,3.95,4.5,12.35,5.175000000000001,0.0,0.0,0.0,0.0,0.0,1.8,1.8,1.8,1.8,0.0,0.0,0.0,0.0,0.0,0.0,1.175,1.3,3.4,14.700000000000001,0.0,0.0,0.0,0.0,0.0,0.0,3.8,4.3999999999999995,5.2,13.299999999999999,0.0,0.0,0.0,0.0,0.0,0.0,1.2,1.2,1.2,1.2,0.0,0.0,0.0,0.0,0.0,0.0,2.4000000000000004,4.9,5.6000000000000005,15.9,0.0,0.0,0.0,0.0,0.0,0.0,5.95,7.0,7.6,16.1,0.0,0.0,0.0,0.0,0.0,0.0,0.07500000000000001,1.0,1.7000000000000002,22.900000000000002,0.0,0.0,0.0,0.0,0.0,0.0,2.875,3.4000000000000004,5.3,19.5,0.0,0.0,0.0,0.0,0.0,0.0,14.775,15.1,15.924999999999999,23.3,0.0,0.0,0.0,0.0,0.0,0.0,3.45,3.6,5.925,16.599999999999998,0.0
2026-09-21 22:30:00+00:00,29.6,2.08,95.9,2.64,240.0,6.06,2.38,910.02,185.0,1.97,264,-0.9859481499638304,22,-0.5000000000000004,0.8660254037844384,0.0,3.8,4.7,4.8,3.0,2.08,2.0,2.08,2.0,0.02,0.0,90.0,76.0,90.0,76.0,2.9000000000000057,11.600000000000009,0.0100000000000002,226.0,234.0,226.0,0.0,6.01,6.04,6.01,0.0,0.0,0.0,0.0,167.0,2.29,2.31,0.02,146.0,151.0,4.0,0.0,0.0,0.0,0.0,0.0,0.0,0.0,0.0,0.0,0.15,0.0,0.0,0.0,0.0,0.0,0.0,0.0,0.0,0.0,0.0,0.0,0.0,0.0,0.0,0.0,7.5,7.5,7.5,7.5,0.0,0.0,0.0,0.0,0.0,0.0,27.5,27.5,27.5,27.5,0.0,0.0,0.0,0.0,0.0,0.0,22.900000000000002,22.900000000000002,22.900000000000002,22.900000000000002,0.0,0.0,0.0,0.0,0.0,0.0,2.9250000000000003,4.1,5.7,19.6,0.0,0.0,0.0,0.0,0.0,0.0,1.6,3.4,3.875,8.9,0.0,0.0,0.0,0.0,0.0,0.0,5.325,5.7,7.800000000000001,19.1,0.0,0.0,0.0,0.0,0.0,0.0,3.175,4.3,4.85,11.9,0.0,0.0,0.0,0.0,0.0,0.0,8.6,8.6,9.6,16.8,0.0,0.0,0.0,0.0,0.0,0.0,6.05,6.2,6.65,14.6,0.0,0.025,0.0,0.125,1.375,1.45,4.1000000000000005,4.25,4.7,12.65,6.815,0.0,0.0,0.0,0.0,0.0,1.8,1.8,1.8,1.8,0.0,0.0,0.0,0.0,0.0,0.0,0.925,1.3,3.4,14.700000000000001,0.0,0.0,0.0,0.0,0.0,0.0,2.6,4.3999999999999995,5.2,13.299999999999999,0.0,0.0,0.0,0.0,0.0,0.0,1.2,1.2,1.2,1.2,0.0,0.0,0.0,0.0,0.0,0.0,1.8,4.9,5.6000000000000005,15.9,0.0,0.0,0.0,0.0,0.0,0.0,3.8499999999999996,7.0,7.6,16.1,0.0,0.0,0.0,0.0,0.0,0.0,0.025,1.0,1.7000000000000002,22.900000000000002,0.0,0.0,0.0,0.0,0.0,0.0,1.825,3.4000000000000004,5.3,19.5,0.0,0.0,0.0,0.0,0.0,0.0,14.125,15.1,15.774999999999999,23.3,0.0,0.0,0.0,0.0,0.0,0.0,3.15,3.6,5.7749999999999995,16.599999999999998,0.0
2026-09-21 23:00:00+00:00,29.6,2.08,95.9,2.64,240.0,6.06,2.38,909.95,209.0,2.08,264,-0.9859481499638304,23,-0.2588190451025215,0.965925826289068,0.0,3.8,4.7,4.8,3.0,2.08,2.0,2.08,2.0,0.0100000000000002,0.0100000000000002,90.0,77.4,90.0,77.4,1.5,10.200000000000005,0.0,226.0,226.0,226.0,-3.0,6.01,6.01,6.01,-0.0100000000000006,0.0,0.0,0.0,167.0,2.29,2.31,0.0099999999999997,146.0,151.0,2.0,0.0,0.0,0.0,0.0,0.0,0.0,0.0,0.0,0.0,0.0,0.0,0.0,0.0,0.0,0.0,0.0,0.0,0.0,0.0,0.0,0.0,0.0,0.0,0.0,0.0,7.5,7.5,7.5,7.5,0.0,0.0,0.0,0.0,0.0,0.0,27.5,27.5,27.5,27.5,0.0,0.0,0.0,0.0,0.0,0.0,22.900000000000002,22.900000000000002,22.900000000000002,22.900000000000002,0.0,0.0,0.0,0.0,0.0,0.0,2.9,4.1,5.7,19.6,0.0,0.0,0.0,0.0,0.0,0.0,0.95,3.4,3.8,8.9,0.0,0.0,0.0,0.0,0.0,0.0,5.125,5.7,7.800000000000001,19.1,0.0,0.0,0.0,0.0,0.0,0.0,2.7249999999999996,4.3,4.8,11.9,0.0,0.0,0.0,0.0,0.0,0.0,8.525,8.6,9.6,16.8,0.0,0.0,0.0,0.0,0.0,0.0,5.925,6.2,6.6000000000000005,14.6,0.0,0.025,0.0,0.125,1.4749999999999999,1.6,4.125,4.4,4.800000000000001,12.8,7.6800000000000015,0.0,0.0,0.0,0.0,0.0,1.8,1.8,1.8,1.8,0.0,0.0,0.0,0.0,0.0,0.0,0.7250000000000001,1.3,3.4,14.700000000000001,0.0,0.0,0.0,0.0,0.0,0.0,1.9249999999999998,4.3999999999999995,5.2,13.299999999999999,0.0,0.0,0.0,0.0,0.0,0.0,1.2,1.2,1.2,1.2,0.0,0.0,0.0,0.0,0.0,0.0,1.475,4.9,5.6000000000000005,15.9,0.0,0.0,0.0,0.0,0.0,0.0,2.75,7.0,7.6,16.1,0.0,0.0,0.0,0.0,0.0,0.0,0.0,1.0,1.7000000000000002,22.900000000000002,0.0,0.0,0.0,0.0,0.0,0.0,1.2750000000000001,3.4000000000000004,5.3,19.5,0.0,0.0,0.0,0.0,0.0,0.0,13.775,15.1,15.7,23.3,0.0,0.0,0.0,0.0,0.0,0.0,3.0,3.6,5.699999999999999,16.599999999999998,0.0
2026-09-21 23:30:00+00:00,29.6,2.08,97.4,2.65,240.0,6.06,2.39,909.9,229.0,2.17,264,-0.9859481499638304,23,-0.2588190451025215,0.965925826289068,0.0,3.8,4.7,4.8,3.0,2.08,2.0,2.08,2.0,0.0100000000000002,0.0100000000000002,88.6,78.7,88.6,78.7,1.5,11.700000000000005,0.0,229.0,229.0,229.0,-3.0,6.02,6.02,6.02,-0.0100000000000006,0.0,0.0,0.0,170.0,2.29,2.31,0.02,146.0,151.0,5.0,0.0,0.0,0.0,0.0,0.0,0.0,0.0,0.0,0.0,0.0,0.0,0.0,0.0,0.0,0.0,0.0,0.0,0.0,0.0,0.0,0.0,0.0,0.0,0.0,0.0,7.5,7.5,7.5,7.5,0.0,0.0,0.0,0.0,0.0,0.0,27.5,27.5,27.5,27.5,0.0,0.0,0.0,0.0,0.0,0.0,22.900000000000002,22.900000000000002,22.900000000000002,22.900000000000002,0.0,0.0,0.0,0.0,0.0,0.0,2.9,4.1,5.7,19.6,0.0,0.0,0.0,0.0,0.0,0.0,0.85,3.4,3.8,8.9,0.0,0.0,0.0,0.0,0.0,0.0,4.9750000000000005,5.7,7.800000000000001,19.1,0.0,0.0,0.0,0.0,0.0,0.0,2.5749999999999997,4.3,4.8,11.9,0.0,0.0,0.0,0.0,0.0,0.0,8.375,8.6,9.6,16.8,0.0,0.0,0.0,0.0,0.0,0.0,5.775,6.2,6.6000000000000005,14.6,0.0,0.025,0.0,0.125,1.425,1.6,3.975,4.4,4.800000000000001,12.8,7.6800000000000015,0.0,0.0,0.0,0.0,0.0,1.8,1.8,1.8,1.8,0.0,0.0,0.0,0.0,0.0,0.0,0.5750000000000001,1.3,3.4,14.700000000000001,0.0,0.0,0.0,0.0,0.0,0.0,1.7749999999999997,4.3999999999999995,5.2,13.299999999999999,0.0,0.0,0.0,0.0,0.0,0.0,1.2,1.2,1.2,1.2,0.0,0.0,0.0,0.0,0.0,0.0,1.425,4.9,5.6000000000000005,15.9,0.0,0.0,0.0,0.0,0.0,0.0,2.65,7.0,7.6,16.1,0.0,0.0,0.0,0.0,0.0,0.0,0.0,1.0,1.7000000000000002,22.900000000000002,0.0,0.0,0.0,0.0,0.0,0.0,1.225,3.4000000000000004,5.3,19.5,0.0,0.0,0.0,0.0,0.0,0.0,13.725,15.1,15.7,23.3,0.0,0.0,0.0,0.0,0.0,0.0,3.0,3.6,5.699999999999999,16.599999999999998,0.0
2026-09-22 00:00:00+00:00,30.5,2.09,97.4,2.65,240.0,6.06,2.39,909.85,239.0,2.21,265,-0.9886775902323404,0,0.0,1.0,0.0,3.8,4.7,4.8,3.0,2.08,1.99,2.08,1.99,0.0099999999999997,0.02,88.6,80.1,88.6,80.1,1.5,10.300000000000011,0.0099999999999997,229.0,226.0,229.0,0.0,6.02,6.01,6.02,0.0,0.0,0.0,0.0,170.0,2.29,2.31,0.0100000000000002,146.0,151.0,3.0,0.0,0.0,0.0,0.0,0.0,0.0,0.0,0.0,0.0,0.0,0.0,0.0,0.0,0.0,0.0,0.0,0.0,0.0,0.0,0.0,0.0,0.0,0.0,0.0,0.0,7.5,7.5,7.5,7.5,0.0,0.0,0.0,0.0,0.0,0.0,27.5,27.5,27.5,27.5,0.0,0.0,0.0,0.0,0.0,0.0,22.900000000000002,22.900000000000002,22.900000000000002,22.900000000000002,0.0,0.0,0.0,0.0,0.0,0.0,2.9,4.1,5.7,19.6,0.0,0.0,0.0,0.0,0.0,0.0,0.8,3.4,3.8,8.9,0.0,0.0,0.0,0.0,0.0,0.0,4.9,5.7,7.800000000000001,19.1,0.0,0.0,0.0,0.0,0.0,0.0,2.5,4.3,4.8,11.9,0.0,0.0,0.0,0.0,0.0,0.0,8.299999999999999,8.6,9.6,16.8,0.0,0.0,0.0,0.0,0.0,0.0,5.7,6.2,6.6000000000000005,14.6,0.0,0.2,0.0,0.05,1.2,1.6,3.9,4.4,4.800000000000001,12.8,7.6800000000000015,0.0,0.0,0.0,0.0,0.0,1.8,1.8,1.8,1.8,0.0,0.0,0.0,0.0,0.0,0.0,0.5,1.3,3.4,14.700000000000001,0.0,0.0,0.0,0.0,0.0,0.0,1.6999999999999997,4.3999999999999995,5.2,13.299999999999999,0.0,0.0,0.0,0.0,0.0,0.0,1.2,1.2,1.2,1.2,0.0,0.0,0.0,0.0,0.0,0.0,1.4,4.9,5.6000000000000005,15.9,0.0,0.0,0.0,0.0,0.0,0.0,2.5999999999999996,7.0,7.6,16.1,0.0,0.0,0.0,0.0,0.0,0.0,0.0,1.0,1.7000000000000002,22.900000000000002,0.0,0.0,0.0,0.0,0.0,0.0,1.2,3.4000000000000004,5.3,19.5,0.0,0.0,0.0,0.0,0.0,0.0,13.7,15.1,15.7,23.3,0.0,0.0,0.0,0.0,0.0,0.0,3.0,3.6,5.699999999999999,16.599999999999998,0.0
2026-09-22 00:30:00+00:00,30.5,2.09,97.4,2.65,237.0,6.05,2.39,909.97,202.0,2.05,265,-0.9886775902323404,0,0.0,1.0,0.0,3.8,4.7,4.8,3.0,2.08,2.01,2.08,2.01,0.0099999999999997,0.0299999999999998,87.1,80.1,87.1,80.1,1.5,10.300000000000011,0.0,229.0,229.0,229.0,-3.0,6.02,6.02,6.02,-0.0099999999999997,0.0,0.0,0.0,170.0,2.29,2.34,0.0100000000000002,146.0,158.0,3.0,0.0,0.0,0.0,0.0,0.0,0.0,0.0,0.0,0.0,0.0,0.0,0.0,0.0,0.0,0.0,0.0,0.0,0.0,0.0,0.0,0.0,0.0,0.0,0.0,0.0,1.6,7.5,7.5,7.5,0.0,0.0,0.0,0.0,0.0,0.0,4.5,27.5,27.5,27.5,0.0,0.0,0.0,0.0,0.0,0.0,0.6,22.900000000000002,22.900000000000002,22.900000000000002,0.0,0.0,0.0,0.0,0.0,0.0,0.1,4.1,5.7,19.6,0.0,0.0,0.0,0.0,0.0,0.0,0.6,3.4,3.8,8.9,0.0,0.0,0.0,0.0,0.0,0.0,4.9,5.7,7.800000000000001,19.1,0.0,0.0,0.0,0.0,0.0,0.0,2.4,4.3,4.8,11.9,0.0,0.0,0.0,0.0,0.0,0.0,8.299999999999999,8.6,9.6,16.8,0.0,0.0,0.0,0.0,0.0,0.0,5.7,6.2,6.6000000000000005,14.6,0.0,0.2,0.0,0.05,0.8,1.6,3.9,4.4,4.800000000000001,12.8,7.6800000000000015,0.0,0.0,0.0,0.0,0.0,1.7,1.8,1.8,1.8,0.0,0.0,0.0,0.0,0.0,0.0,0.4,1.3,3.4,14.700000000000001,0.0,0.0,0.0,0.0,0.0,0.0,0.4,4.3999999999999995,5.2,13.299999999999999,0.0,0.0,0.0,0.0,0.0,0.0,0.7,1.2,1.2,1.2,0.0,0.0,0.0,0.0,0.0,0.0,0.6000000000000001,4.9,5.6000000000000005,15.9,0.0,0.0,0.0,0.0,0.0,0.0,0.30000000000000004,7.0,7.6,16.1,0.0,0.0,0.0,0.0,0.0,0.0,0.0,1.0,1.7000000000000002,22.900000000000002,0.0,0.0,0.0,0.0,0.0,0.0,0.0,3.4000000000000004,5.3,19.5,0.0,0.0,0.0,0.0,0.0,0.0,13.7,15.1,15.7,23.3,0.0,0.0,0.0,0.0,0.0,0.0,3.0,3.6,5.699999999999999,16.599999999999998,0.0
2026-09-22 01:00:00+00:00,31.3,2.1,97.4,2.65,237.0,6.05,2.39,910.05,171.0,1.9,265,-0.9886775902323404,1,0.2588190451025207,0.9659258262890684,0.0,3.8,4.7,4.8,3.0,2.08,2.02,2.08,2.02,0.02,0.04,87.1,81.5,87.1,81.5,0.0,10.300000000000011,0.0,229.0,229.0,229.0,-3.0,6.02,6.02,6.02,-0.0099999999999997,0.0,0.0,0.0,170.0,2.29,2.32,0.0,146.0,153.0,0.0,0.0,0.0,0.0,0.0,0.0,0.0,0.0,0.0,0.0,0.0,0.0,0.0,0.0,0.0,0.0,0.0,0.0,0.0,0.0,0.0,0.0,0.0,0.0,0.0,0.0,0.0,7.5,7.5,7.5,0.0,0.0,0.0,0.0,0.0,0.0,0.1,27.5,27.5,27.5,0.0,0.0,0.0,0.0,0.0,0.0,0.1,22.900000000000002,22.900000000000002,22.900000000000002,0.0,0.0,0.0,0.0,0.0,0.0,0.0,4.1,5.7,19.6,0.0,0.0,0.0,0.0,0.0,0.0,0.6,3.4,3.8,8.9,0.0,0.0,0.0,0.0,0.0,0.0,4.9,5.7,7.800000000000001,19.1,0.0,0.0,0.0,0.0,0.0,0.0,2.4,4.3,4.8,11.9,0.0,0.0,0.0,0.0,0.0,0.0,8.299999999999999,8.6,9.6,16.8,0.0,0.0,0.0,0.0,0.0,0.0,5.7,6.2,6.6000000000000005,14.6,0.0,0.15,0.025,0.0,0.45,1.5750000000000002,3.9,4.4,4.800000000000001,12.8,7.560000000000002,0.0,0.0,0.0,0.0,0.0,1.7,1.8,1.8,1.8,0.0,0.0,0.0,0.0,0.0,0.0,0.4,1.3,3.4,14.700000000000001,0.0,0.0,0.0,0.0,0.0,0.0,0.1,4.3999999999999995,5.2,13.299999999999999,0.0,0.0,0.0,0.0,0.0,0.0,0.2,1.2,1.2,1.2,0.0,0.0,0.0,0.0,0.0,0.0,0.2,4.9,5.6000000000000005,15.9,0.0,0.0,0.0,0.0,0.0,0.0,0.2,7.0,7.6,16.1,0.0,0.0,0.0,0.0,0.0,0.0,0.0,1.0,1.7000000000000002,22.900000000000002,0.0,0.0,0.0,0.0,0.0,0.0,0.0,3.4000000000000004,5.3,19.5,0.0,0.0,0.0,0.0,0.0,0.0,13.7,15.1,15.7,23.3,0.0,0.0,0.0,0.0,0.0,0.0,3.0,3.6,5.699999999999999,16.599999999999998,0.0
2026-09-22 01:30:00+00:00,31.3,2.1,97.4,2.65,237.0,6.05,2.39,910.14,154.0,1.81,265,-0.9886775902323404,1,0.2588190451025207,0.9659258262890684,0.0,3.8,4.7,4.8,3.0,2.08,2.02,2.08,2.02,0.0100000000000002,0.04,85.7,82.9,85.7,82.9,0.0,10.300000000000011,0.0,232.0,229.0,232.0,-3.0,6.03,6.02,6.03,-0.0099999999999997,0.0,0.0,0.0,170.0,2.29,2.32,0.0,146.0,153.0,0.0,0.0,0.0,0.0,0.0,0.0,0.0,0.0,0.0,0.0,0.0,0.0,0.0,0.0,0.0,0.0,0.0,0.0,0.0,0.0,0.0,0.0,0.0,0.0,0.0,0.0,0.0,7.5,7.5,7.5,0.0,0.0,0.0,0.0,0.0,0.0,0.0,27.5,27.5,27.5,0.0,0.0,0.0,0.0,0.0,0.0,0.0,22.900000000000002,22.900000000000002,22.900000000000002,0.0,0.0,0.0,0.0,0.0,0.0,0.0,4.1,5.7,19.6,0.0,0.0,0.0,0.0,0.0,0.0,0.0,3.4,3.8,8.9,0.0,0.0,0.0,0.0,0.0,0.0,0.4,5.7,7.800000000000001,19.1,0.0,0.0,0.0,0.0,0.0,0.0,0.0,4.3,4.8,11.9,0.0,0.0,0.0,0.0,0.0,0.0,5.5,8.6,9.6,16.8,0.0,0.0,0.0,0.0,0.0,0.0,0.0,6.2,6.6000000000000005,14.6,0.0,0.15,0.025,0.0,0.15,1.5250000000000001,3.9,4.4,4.800000000000001,12.8,7.320000000000002,0.0,0.0,0.0,0.0,0.0,0.8,1.8,1.8,1.8,0.0,0.0,0.0,0.0,0.0,0.0,0.1,1.3,3.4,14.700000000000001,0.0,0.0,0.0,0.0,0.0,0.0,0.1,4.3999999999999995,5.2,13.299999999999999,0.0,0.0,0.0,0.0,0.0,0.0,0.0,1.2,1.2,1.2,0.0,0.0,0.0,0.0,0.0,0.0,0.0,4.9,5.6000000000000005,15.9,0.0,0.0,0.0,0.0,0.0,0.0,0.1,7.0,7.6,16.1,0.0,0.0,0.0,0.0,0.0,0.0,0.0,1.0,1.7000000000000002,22.900000000000002,0.0,0.0,0.0,0.0,0.0,0.0,0.0,3.4000000000000004,5.3,19.5,0.0,0.0,0.0,0.0,0.0,0.0,1.6,15.1,15.7,23.3,0.0,0.0,0.0,0.0,0.0,0.0,2.4,3.6,5.699999999999999,16.599999999999998,0.0
2026-09-22 02:00:00+00:00,31.3,2.1,97.4,2.65,240.0,6.06,2.38,910.21,150.0,1.79,265,-0.9886775902323404,2,0.4999999999999999,0.8660254037844387,0.0,3.8,4.7,4.8,3.0,2.08,2.02,2.08,2.02,0.0100000000000002,0.04,82.9,82.9,82.9,82.9,0.0,10.300000000000011,0.0,229.0,229.0,229.0,3.0,6.02,6.02,6.02,0.0099999999999997,0.0,0.0,0.0,167.0,2.29,2.32,-0.0100000000000002,146.0,153.0,-3.0,0.0,0.0,0.0,0.0,0.0,0.0,0.0,0.0,0.0,0.0,0.0,0.0,0.0,0.0,0.0,0.0,0.0,0.0,0.0,0.0,0.0,0.0,0.0,0.0,0.0,0.0,7.5,7.5,7.5,0.0,0.0,0.0,0.0,0.0,0.0,0.0,27.5,27.5,27.5,0.0,0.0,0.0,0.0,0.0,0.0,0.0,22.900000000000002,22.900000000000002,22.900000000000002,0.0,0.0,0.0,0.0,0.0,0.0,0.0,4.1,5.7,19.6,0.0,0.0,0.0,0.0,0.0,0.0,0.0,3.4,3.8,8.9,0.0,0.0,0.0,0.0,0.0,0.0,0.4,5.7,7.800000000000001,19.1,0.0,0.0,0.0,0.0,0.0,0.0,0.0,4.3,4.8,11.9,0.0,0.0,0.0,0.0,0.0,0.0,0.5,8.6,9.6,16.8,0.0,0.0,0.0,0.0,0.0,0.0,0.0,6.2,6.6000000000000005,14.6,0.0,0.0,0.025,0.0,0.0,1.475,3.9,4.4,4.800000000000001,12.8,7.080000000000002,0.0,0.0,0.0,0.0,0.0,0.0,1.8,1.8,1.8,0.0,0.0,0.0,0.0,0.0,0.0,0.1,1.3,3.4,14.700000000000001,0.0,0.0,0.0,0.0,0.0,0.0,0.1,4.3999999999999995,5.2,13.299999999999999,0.0,0.0,0.0,0.0,0.0,0.0,0.0,1.2,1.2,1.2,0.0,0.0,0.0,0.0,0.0,0.0,0.0,4.9,5.6000000000000005,15.9,0.0,0.0,0.0,0.0,0.0,0.0,0.1,7.0,7.6,16.1,0.0,0.0,0.0,0.0,0.0,0.0,0.0,1.0,1.7000000000000002,22.900000000000002,0.0,0.0,0.0,0.0,0.0,0.0,0.0,3.4000000000000004,5.3,19.5,0.0,0.0,0.0,0.0,0.0,0.0,0.1,15.1,15.7,23.3,0.0,0.0,0.0,0.0,0.0,0.0,0.1,3.6,5.699999999999999,16.599999999999998,0.0
2026-09-22 02:30:00+00:00,32.2,2.11,97.4,2.65,243.0,6.07,2.39,910.26,150.0,1.79,265,-0.9886775902323404,2,0.4999999999999999,0.8660254037844387,0.0,3.8,4.7,4.8,3.0,2.08,2.02,2.08,2.02,0.0099999999999997,0.0499999999999998,82.9,84.3,82.9,84.3,0.0,7.400000000000006,0.0099999999999997,232.0,229.0,232.0,6.0,6.03,6.02,6.03,0.0200000000000004,0.0,0.0,0.0,170.0,2.29,2.31,0.0,146.0,151.0,0.0,0.0,0.0,0.0,0.0,0.0,0.0,0.0,0.0,0.0,0.0,0.0,0.0,0.0,0.0,0.0,0.0,0.0,0.0,0.0,0.0,0.0,0.0,0.0,0.0,0.0,0.0,7.5,7.5,7.5,0.0,0.0,0.0,0.0,0.0,0.0,0.0,27.5,27.5,27.5,0.0,0.0,0.0,0.0,0.0,0.0,0.0,22.900000000000002,22.900000000000002,22.900000000000002,0.0,0.0,0.0,0.0,0.0,0.0,0.0,4.1,5.7,19.6,0.0,0.0,0.0,0.0,0.0,0.0,0.0,3.4,3.8,8.9,0.0,0.0,0.0,0.0,0.0,0.0,0.4,5.7,7.800000000000001,19.1,0.0,0.0,0.0,0.0,0.0,0.0,0.0,4.3,4.8,11.9,0.0,0.0,0.0,0.0,0.0,0.0,0.5,8.6,9.6,16.8,0.0,0.0,0.0,0.0,0.0,0.0,0.0,6.2,6.6000000000000005,14.6,0.0,0.0,0.025,0.0,0.0,1.425,3.9,4.4,4.800000000000001,12.8,6.840000000000002,0.0,0.0,0.0,0.0,0.0,0.0,1.8,1.8,1.8,0.0,0.0,0.0,0.0,0.0,0.0,0.1,1.3,3.4,14.700000000000001,0.0,0.0,0.0,0.0,0.0,0.0,0.1,4.3999999999999995,5.2,13.299999999999999,0.0,0.0,0.0,0.0,0.0,0.0,0.0,1.2,1.2,1.2,0.0,0.0,0.0,0.0,0.0,0.0,0.0,4.9,5.6000000000000005,15.9,0.0,0.0,0.0,0.0,0.0,0.0,0.1,7.0,7.6,16.1,0.0,0.0,0.0,0.0,0.0,0.0,0.0,1.0,1.7000000000000002,22.900000000000002,0.0,0.0,0.0,0.0,0.0,0.0,0.0,3.4000000000000004,5.3,19.5,0.0,0.0,0.0,0.0,0.0,0.0,0.1,15.1,15.7,23.3,0.0,0.0,0.0,0.0,0.0,0.0,0.1,3.6,5.699999999999999,16.599999999999998,0.0
2026-09-22 03:00:00+00:00,32.2,2.11,97.4,2.65,248.0,6.09,2.38,910.3,156.0,1.82,265,-0.9886775902323404,3,0.7071067811865475,0.7071067811865476,0.0,3.8,4.7,4.8,3.0,2.08,2.03,2.08,2.03,0.0099999999999997,0.0499999999999998,82.9,85.7,82.9,85.7,0.0,4.400000000000006,0.0,232.0,226.0,232.0,11.0,6.03,6.01,6.03,0.04,0.0,0.0,0.0,167.0,2.31,2.31,-0.0100000000000002,151.0,151.0,-3.0,0.0,0.0,0.0,0.0,0.0,0.0,0.0,0.0,0.0,0.0,0.0,0.0,0.0,0.0,0.0,0.0,0.0,0.0,0.0,0.0,0.0,0.0,0.0,0.0,0.0,0.0,7.5,7.5,7.5,0.0,0.0,0.0,0.0,0.0,0.0,0.0,27.5,27.5,27.5,0.0,0.0,0.0,0.0,0.0,0.0,0.0,22.900000000000002,22.900000000000002,22.900000000000002,0.0,0.0,0.0,0.0,0.0,0.0,0.0,4.1,5.7,19.6,0.0,0.0,0.0,0.0,0.0,0.0,0.0,3.4,3.8,8.9,0.0,0.0,0.0,0.0,0.0,0.0,0.4,5.7,7.800000000000001,19.1,0.0,0.0,0.0,0.0,0.0,0.0,0.0,4.3,4.8,11.9,0.0,0.0,0.0,0.0,0.0,0.0,0.5,8.6,9.6,16.8,0.0,0.0,0.0,0.0,0.0,0.0,0.0,6.2,6.6000000000000005,14.6,0.0,0.0,0.2,0.0,0.0,1.2000000000000002,3.85,4.4,4.800000000000001,12.8,5.760000000000002,0.0,0.0,0.0,0.0,0.0,0.0,1.8,1.8,1.8,0.0,0.0,0.0,0.0,0.0,0.0,0.1,1.3,3.4,14.700000000000001,0.0,0.0,0.0,0.0,0.0,0.0,0.1,4.3999999999999995,5.2,13.299999999999999,0.0,0.0,0.0,0.0,0.0,0.0,0.0,1.2,1.2,1.2,0.0,0.0,0.0,0.0,0.0,0.0,0.0,4.9,5.6000000000000005,15.9,0.0,0.0,0.0,0.0,0.0,0.0,0.1,7.0,7.6,16.1,0.0,0.0,0.0,0.0,0.0,0.0,0.0,1.0,1.7000000000000002,22.900000000000002,0.0,0.0,0.0,0.0,0.0,0.0,0.0,3.4000000000000004,5.3,19.5,0.0,0.0,0.0,0.0,0.0,0.0,0.1,15.1,15.7,23.3,0.0,0.0,0.0,0.0,0.0,0.0,0.1,3.6,5.699999999999999,16.599999999999998,0.0
2026-09-22 03:30:00+00:00,32.2,2.11,97.4,2.65,254.0,6.11,2.38,910.33,163.0,1.86,265,-0.9886775902323404,3,0.7071067811865475,0.7071067811865476,0.0,3.8,4.7,4.8,3.0,2.08,2.03,2.08,2.03,0.0099999999999997,0.04,82.9,85.7,82.9,85.7,0.0,3.0,0.0,234.0,229.0,234.0,14.0,6.04,6.02,6.04,0.0500000000000007,0.0,0.0,0.0,167.0,2.31,2.32,0.0,151.0,153.0,0.0,0.0,0.0,0.0,0.0,0.0,0.0,0.0,0.0,0.0,0.0,0.0,0.0,0.0,0.0,0.0,0.0,0.0,0.0,0.0,0.0,0.0,0.0,0.0,0.0,0.0,0.0,7.5,7.5,7.5,0.0,0.0,0.0,0.0,0.0,0.0,0.0,27.5,27.5,27.5,0.0,0.0,0.0,0.0,0.0,0.0,0.0,22.900000000000002,22.900000000000002,22.900000000000002,0.0,0.0,0.0,0.0,0.0,0.0,0.0,4.1,5.7,19.6,0.0,0.0,0.0,0.0,0.0,0.0,0.0,3.4,3.8,8.9,0.0,0.0,0.0,0.0,0.0,0.0,0.4,5.7,7.800000000000001,19.1,0.0,0.0,0.0,0.0,0.0,0.0,0.0,4.3,4.8,11.9,0.0,0.0,0.0,0.0,0.0,0.0,0.5,8.6,9.6,16.8,0.0,0.0,0.0,0.0,0.0,0.0,0.0,6.2,6.6000000000000005,14.6,0.0,0.0,0.2,0.0,0.0,0.8,3.75,4.4,4.800000000000001,12.8,3.8400000000000007,0.0,0.0,0.0,0.0,0.0,0.0,1.8,1.8,1.8,0.0,0.0,0.0,0.0,0.0,0.0,0.1,1.3,3.4,14.700000000000001,0.0,0.0,0.0,0.0,0.0,0.0,0.1,4.3999999999999995,5.2,13.299999999999999,0.0,0.0,0.0,0.0,0.0,0.0,0.0,1.2,1.2,1.2,0.0,0.0,0.0,0.0,0.0,0.0,0.0,4.9,5.6000000000000005,15.9,0.0,0.0,0.0,0.0,0.0,0.0,0.1,7.0,7.6,16.1,0.0,0.0,0.0,0.0,0.0,0.0,0.0,1.0,1.7000000000000002,22.900000000000002,0.0,0.0,0.0,0.0,0.0,0.0,0.0,3.4000000000000004,5.3,19.5,0.0,0.0,0.0,0.0,0.0,0.0,0.1,15.1,15.7,23.3,0.0,0.0,0.0,0.0,0.0,0.0,0.1,3.6,5.699999999999999,16.599999999999998,0.0
2026-09-22 04:00:00+00:00,31.3,2.1,99.0,2.66,263.0,6.14,2.38,910.35,171.0,1.9,265,-0.9886775902323404,4,0.8660254037844386,0.5000000000000001,0.0,3.8,4.7,4.8,3.0,2.08,2.04,2.08,2.04,-0.0099999999999997,0.0300000000000002,82.9,85.7,82.9,85.7,1.5999999999999943,3.0999999999999943,0.0,234.0,226.0,234.0,20.0,6.04,6.01,6.04,0.0699999999999994,0.0,0.0,0.0,167.0,2.31,2.31,-0.0100000000000002,151.0,151.0,-3.0,0.0,0.0,0.0,0.0,0.0,0.0,0.0,0.0,0.0,0.0,0.0,0.0,0.0,0.0,0.0,0.0,0.0,0.0,0.0,0.0,0.0,0.0,0.0,0.0,0.0,0.0,7.5,7.5,7.5,0.0,0.0,0.0,0.0,0.0,0.0,0.0,27.5,27.5,27.5,0.0,0.0,0.0,0.0,0.0,0.0,0.0,22.900000000000002,22.900000000000002,22.900000000000002,0.0,0.0,0.0,0.0,0.0,0.0,0.0,4.1,5.7,19.6,0.0,0.0,0.0,0.0,0.0,0.0,0.0,3.4,3.8,8.9,0.0,0.0,0.0,0.0,0.0,0.0,0.4,5.7,7.800000000000001,19.1,0.0,0.0,0.0,0.0,0.0,0.0,0.0,4.3,4.8,11.9,0.0,0.0,0.0,0.0,0.0,0.0,0.5,8.6,9.6,16.8,0.0,0.0,0.0,0.0,0.0,0.0,0.0,6.2,6.6000000000000005,14.6,0.0,0.0,0.15,0.0,0.0,0.45,3.6999999999999997,4.4,4.800000000000001,12.8,2.1600000000000006,0.0,0.0,0.0,0.0,0.0,0.0,1.8,1.8,1.8,0.0,0.0,0.0,0.0,0.0,0.0,0.1,1.3,3.4,14.700000000000001,0.0,0.0,0.0,0.0,0.0,0.0,0.1,4.3999999999999995,5.2,13.299999999999999,0.0,0.0,0.0,0.0,0.0,0.0,0.0,1.2,1.2,1.2,0.0,0.0,0.0,0.0,0.0,0.0,0.0,4.9,5.6000000000000005,15.9,0.0,0.0,0.0,0.0,0.0,0.0,0.1,7.0,7.6,16.1,0.0,0.0,0.0,0.0,0.0,0.0,0.0,1.0,1.7000000000000002,22.900000000000002,0.0,0.0,0.0,0.0,0.0,0.0,0.0,3.4000000000000004,5.3,19.5,0.0,0.0,0.0,0.0,0.0,0.0,0.1,15.1,15.7,23.3,0.0,0.0,0.0,0.0,0.0,0.0,0.1,3.6,5.699999999999999,16.599999999999998,0.0
2026-09-22 04:30:00+00:00,31.3,2.1,97.4,2.65,268.0,6.16,2.38,910.36,177.0,1.93,265,-0.9886775902323404,4,0.8660254037844386,0.5000000000000001,0.0,3.8,4.7,4.8,3.0,2.08,2.04,2.08,2.04,-0.0099999999999997,0.02,84.3,85.7,84.3,85.7,0.0,1.5,0.0,234.0,226.0,234.0,20.0,6.04,6.01,6.04,0.0700000000000002,0.0,0.0,0.0,167.0,2.31,2.31,0.0,151.0,151.0,0.0,0.0,0.0,0.0,0.0,0.0,0.0,0.0,0.0,0.0,0.0,0.0,0.0,0.0,0.0,0.0,0.0,0.0,0.0,0.0,0.0,0.0,0.0,0.0,0.0,0.0,0.0,7.5,7.5,7.5,0.0,0.0,0.0,0.0,0.0,0.0,0.0,27.5,27.5,27.5,0.0,0.0,0.0,0.0,0.0,0.0,0.0,22.900000000000002,22.900000000000002,22.900000000000002,0.0,0.0,0.0,0.0,0.0,0.0,0.0,4.1,5.7,19.6,0.0,0.0,0.0,0.0,0.0,0.0,0.0,3.4,3.8,8.9,0.0,0.0,0.0,0.0,0.0,0.0,0.4,5.7,7.800000000000001,19.1,0.0,0.0,0.0,0.0,0.0,0.0,0.0,4.3,4.8,11.9,0.0,0.0,0.0,0.0,0.0,0.0,0.5,8.6,9.6,16.8,0.0,0.0,0.0,0.0,0.0,0.0,0.0,6.2,6.6000000000000005,14.6,0.0,0.0,0.15,0.0,0.0,0.15,3.6999999999999997,4.4,4.800000000000001,12.8,0.7200000000000001,0.0,0.0,0.0,0.0,0.0,0.0,1.8,1.8,1.8,0.0,0.0,0.0,0.0,0.0,0.0,0.1,1.3,3.4,14.700000000000001,0.0,0.0,0.0,0.0,0.0,0.0,0.1,4.3999999999999995,5.2,13.299999999999999,0.0,0.0,0.0,0.0,0.0,0.0,0.0,1.2,1.2,1.2,0.0,0.0,0.0,0.0,0.0,0.0,0.0,4.9,5.6000000000000005,15.9,0.0,0.0,0.0,0.0,0.0,0.0,0.1,7.0,7.6,16.1,0.0,0.0,0.0,0.0,0.0,0.0,0.0,1.0,1.7000000000000002,22.900000000000002,0.0,0.0,0.0,0.0,0.0,0.0,0.0,3.4000000000000004,5.3,19.5,0.0,0.0,0.0,0.0,0.0,0.0,0.1,15.1,15.7,23.3,0.0,0.0,0.0,0.0,0.0,0.0,0.1,3.6,5.699999999999999,16.599999999999998,0.0
2026-09-22 05:00:00+00:00,31.3,2.1,97.4,2.65,271.0,6.17,2.39,910.37,185.0,1.97,265,-0.9886775902323404,5,0.9659258262890684,0.2588190451025207,0.0,3.8,4.7,4.8,3.0,2.07,2.04,2.07,2.04,-0.0099999999999997,0.02,85.7,87.1,85.7,87.1,0.0,1.5,0.0,237.0,226.0,237.0,17.0,6.05,6.01,6.05,0.0599999999999996,0.0,0.0,0.0,170.0,2.3,2.31,0.0100000000000002,148.0,151.0,3.0,0.0,0.0,0.0,0.0,0.0,0.0,0.0,0.0,0.0,0.0,0.0,0.0,0.0,0.0,0.0,0.0,0.0,0.0,0.0,0.0,0.0,0.0,0.0,0.0,0.0,0.0,7.5,7.5,7.5,0.0,0.0,0.0,0.0,0.0,0.0,0.0,27.5,27.5,27.5,0.0,0.0,0.0,0.0,0.0,0.0,0.0,22.900000000000002,22.900000000000002,22.900000000000002,0.0,0.0,0.0,0.0,0.0,0.0,0.0,4.1,5.7,19.6,0.0,0.0,0.0,0.0,0.0,0.0,0.0,3.4,3.8,8.9,0.0,0.0,0.0,0.0,0.0,0.0,0.4,5.7,7.800000000000001,19.1,0.0,0.0,0.0,0.0,0.0,0.0,0.0,4.3,4.8,11.9,0.0,0.0,0.0,0.0,0.0,0.0,0.5,8.6,9.6,16.8,0.0,0.0,0.0,0.0,0.0,0.0,0.0,6.2,6.6000000000000005,14.6,0.0,0.0,0.0,0.0,0.0,0.0,3.55,4.4,4.800000000000001,12.8,0.0,0.0,0.0,0.0,0.0,0.0,0.0,1.8,1.8,1.8,0.0,0.0,0.0,0.0,0.0,0.0,0.1,1.3,3.4,14.700000000000001,0.0,0.0,0.0,0.0,0.0,0.0,0.1,4.3999999999999995,5.2,13.299999999999999,0.0,0.0,0.0,0.0,0.0,0.0,0.0,1.2,1.2,1.2,0.0,0.0,0.0,0.0,0.0,0.0,0.0,4.9,5.6000000000000005,15.9,0.0,0.0,0.0,0.0,0.0,0.0,0.1,7.0,7.6,16.1,0.0,0.0,0.0,0.0,0.0,0.0,0.0,1.0,1.7000000000000002,22.900000000000002,0.0,0.0,0.0,0.0,0.0,0.0,0.0,3.4000000000000004,5.3,19.5,0.0,0.0,0.0,0.0,0.0,0.0,0.1,15.1,15.7,23.3,0.0,0.0,0.0,0.0,0.0,0.0,0.1,3.6,5.699999999999999,16.599999999999998,0.0
2026-09-22 05:30:00+00:00,31.3,2.1,97.4,2.65,274.0,6.18,2.39,910.38,191.0,2.0,265,-0.9886775902323404,5,0.9659258262890684,0.2588190451025207,0.0,3.8,4.7,4.8,3.0,2.07,2.05,2.07,2.05,0.0,0.02,85.7,87.1,85.7,87.1,-1.5999999999999943,0.0,0.0,237.0,226.0,237.0,11.0,6.05,6.01,6.05,0.04,0.0,0.0,0.0,170.0,2.32,2.31,0.0100000000000002,153.0,151.0,3.0,0.0,0.0,0.0,0.0,0.0,0.0,0.0,0.0,0.0,0.0,0.0,0.0,0.0,0.0,0.0,0.0,0.0,0.0,0.0,0.0,0.0,0.0,0.0,0.0,0.0,0.0,7.5,7.5,7.5,0.0,0.0,0.0,0.0,0.0,0.0,0.0,27.5,27.5,27.5,0.0,0.0,0.0,0.0,0.0,0.0,0.0,22.900000000000002,22.900000000000002,22.900000000000002,0.0,0.0,0.0,0.0,0.0,0.0,0.0,4.1,5.7,19.6,0.0,0.0,0.0,0.0,0.0,0.0,0.0,3.4,3.8,8.9,0.0,0.0,0.0,0.0,0.0,0.0,0.4,5.7,7.800000000000001,19.1,0.0,0.0,0.0,0.0,0.0,0.0,0.0,4.3,4.8,11.9,0.0,0.0,0.0,0.0,0.0,0.0,0.5,8.6,9.6,16.8,0.0,0.0,0.0,0.0,0.0,0.0,0.0,6.2,6.6000000000000005,14.6,0.0,0.0,0.0,0.0,0.0,0.0,3.25,4.4,4.800000000000001,12.8,0.0,0.0,0.0,0.0,0.0,0.0,0.0,1.8,1.8,1.8,0.0,0.0,0.0,0.0,0.0,0.0,0.1,1.3,3.4,14.700000000000001,0.0,0.0,0.0,0.0,0.0,0.0,0.1,4.3999999999999995,5.2,13.299999999999999,0.0,0.0,0.0,0.0,0.0,0.0,0.0,1.2,1.2,1.2,0.0,0.0,0.0,0.0,0.0,0.0,0.0,4.9,5.6000000000000005,15.9,0.0,0.0,0.0,0.0,0.0,0.0,0.1,7.0,7.6,16.1,0.0,0.0,0.0,0.0,0.0,0.0,0.0,1.0,1.7000000000000002,22.900000000000002,0.0,0.0,0.0,0.0,0.0,0.0,0.0,3.4000000000000004,5.3,19.5,0.0,0.0,0.0,0.0,0.0,0.0,0.1,15.1,15.7,23.3,0.0,0.0,0.0,0.0,0.0,0.0,0.1,3.6,5.699999999999999,16.599999999999998,0.0
2026-09-22 06:00:00+00:00,30.5,2.09,99.0,2.66,274.0,6.18,2.41,910.39,196.0,2.02,265,-0.9886775902323404,6,1.0,6.123233995736766e-17,0.0,3.8,4.7,4.8,3.0,2.07,2.06,2.07,2.06,-0.0100000000000002,0.0,87.1,87.1,87.1,87.1,1.5999999999999943,1.5999999999999943,-0.0100000000000002,237.0,226.0,237.0,6.0,6.05,6.01,6.05,0.0199999999999995,0.0,0.0,0.0,175.0,2.32,2.31,0.0300000000000002,153.0,151.0,8.0,0.0,0.0,0.0,0.0,0.0,0.0,0.0,0.0,0.0,0.0,0.0,0.0,0.0,0.0,0.0,0.0,0.0,0.0,0.0,0.0,0.0,0.0,0.0,0.0,0.0,0.0,7.5,7.5,7.5,0.0,0.0,0.0,0.0,0.0,0.0,0.0,27.5,27.5,27.5,0.0,0.0,0.0,0.0,0.0,0.0,0.0,22.900000000000002,22.900000000000002,22.900000000000002,0.0,0.0,0.0,0.0,0.0,0.0,0.0,4.1,5.7,19.6,0.0,0.0,0.0,0.0,0.0,0.0,0.0,3.4,3.8,8.9,0.0,0.0,0.0,0.0,0.0,0.0,0.4,5.7,7.800000000000001,19.1,0.0,0.0,0.0,0.0,0.0,0.0,0.0,4.3,4.8,11.9,0.0,0.0,0.0,0.0,0.0,0.0,0.5,8.6,9.6,16.8,0.0,0.0,0.0,0.0,0.0,0.0,0.0,6.2,6.6000000000000005,14.6,0.0,0.0,0.0,0.0,0.0,0.0,3.0749999999999997,4.4,4.800000000000001,12.8,0.0,0.0,0.0,0.0,0.0,0.0,0.0,1.8,1.8,1.8,0.0,0.0,0.0,0.0,0.0,0.0,0.1,1.3,3.4,14.700000000000001,0.0,0.0,0.0,0.0,0.0,0.0,0.1,4.3999999999999995,5.2,13.299999999999999,0.0,0.0,0.0,0.0,0.0,0.0,0.0,1.2,1.2,1.2,0.0,0.0,0.0,0.0,0.0,0.0,0.0,4.9,5.6000000000000005,15.9,0.0,0.0,0.0,0.0,0.0,0.0,0.1,7.0,7.6,16.1,0.0,0.0,0.0,0.0,0.0,0.0,0.0,1.0,1.7000000000000002,22.900000000000002,0.0,0.0,0.0,0.0,0.0,0.0,0.0,3.4000000000000004,5.3,19.5,0.0,0.0,0.0,0.0,0.0,0.0,0.1,15.1,15.7,23.3,0.0,0.0,0.0,0.0,0.0,0.0,0.1,3.6,5.699999999999999,16.599999999999998,0.0
2026-09-22 06:30:00+00:00,30.5,2.09,95.9,2.64,278.0,6.19,2.44,910.39,200.0,2.04,265,-0.9886775902323404,6,1.0,6.123233995736766e-17,0.0,3.8,4.7,4.8,3.0,2.06,2.06,2.06,2.06,-0.0100000000000002,0.0,87.1,87.1,87.1,87.1,-1.5,-1.5,-0.0100000000000002,237.0,226.0,237.0,7.0,6.05,6.01,6.05,0.0200000000000004,0.0,0.0,0.0,182.0,2.33,2.31,0.0499999999999998,155.0,151.0,12.0,0.0,0.0,0.0,0.0,0.0,0.0,0.0,0.0,0.0,0.0,0.0,0.0,0.0,0.0,0.0,0.0,0.0,0.0,0.0,0.0,0.0,0.0,0.0,0.0,0.0,0.0,7.5,7.5,7.5,0.0,0.0,0.0,0.0,0.0,0.0,0.0,27.5,27.5,27.5,0.0,0.0,0.0,0.0,0.0,0.0,0.0,22.900000000000002,22.900000000000002,22.900000000000002,0.0,0.0,0.0,0.0,0.0,0.0,0.0,4.1,5.7,19.6,0.0,0.0,0.0,0.0,0.0,0.0,0.0,3.4,3.8,8.9,0.0,0.0,0.0,0.0,0.0,0.0,0.1,5.7,7.800000000000001,19.1,0.0,0.0,0.0,0.0,0.0,0.0,0.0,4.3,4.8,11.9,0.0,0.0,0.0,0.0,0.0,0.0,0.5,8.6,9.6,16.8,0.0,0.0,0.0,0.0,0.0,0.0,0.0,6.2,6.6000000000000005,14.6,0.0,0.0,0.0,0.0,0.0,0.0,3.025,4.4,4.800000000000001,12.8,0.0,0.0,0.0,0.0,0.0,0.0,0.0,1.8,1.8,1.8,0.0,0.0,0.0,0.0,0.0,0.0,0.0,1.3,3.4,14.700000000000001,0.0,0.0,0.0,0.0,0.0,0.0,0.0,4.3999999999999995,5.2,13.299999999999999,0.0,0.0,0.0,0.0,0.0,0.0,0.0,1.2,1.2,1.2,0.0,0.0,0.0,0.0,0.0,0.0,0.0,4.9,5.6000000000000005,15.9,0.0,0.0,0.0,0.0,0.0,0.0,0.0,7.0,7.6,16.1,0.0,0.0,0.0,0.0,0.0,0.0,0.0,1.0,1.7000000000000002,22.900000000000002,0.0,0.0,0.0,0.0,0.0,0.0,0.0,3.4000000000000004,5.3,19.5,0.0,0.0,0.0,0.0,0.0,0.0,0.1,15.1,15.7,23.3,0.0,0.0,0.0,0.0,0.0,0.0,0.1,3.6,5.699999999999999,16.599999999999998,0.0
2026-09-22 07:00:00+00:00,30.5,2.09,95.9,2.64,278.0,6.19,2.46,910.4,204.0,2.06,265,-0.9886775902323404,7,0.9659258262890684,-0.2588190451025206,0.0,3.8,4.7,4.8,3.0,2.06,2.06,2.06,2.06,-0.0100000000000002,-0.0100000000000002,87.1,91.5,87.1,91.5,-1.5,-1.5,0.0,240.0,226.0,240.0,4.0,6.06,6.01,6.06,0.0100000000000006,0.0,0.0,0.0,188.0,2.34,2.31,0.0699999999999998,158.0,151.0,18.0,0.0,0.0,0.0,0.0,0.0,0.0,0.0,0.0,0.0,0.0,0.0,0.0,0.0,0.0,0.0,0.0,0.0,0.0,0.0,0.0,0.0,0.0,0.0,0.0,0.0,0.0,7.5,7.5,7.5,0.0,0.0,0.0,0.0,0.0,0.0,0.0,27.5,27.5,27.5,0.0,0.0,0.0,0.0,0.0,0.0,0.0,22.900000000000002,22.900000000000002,22.900000000000002,0.0,0.0,0.0,0.0,0.0,0.0,0.0,4.1,5.7,19.6,0.0,0.0,0.0,0.0,0.0,0.0,0.0,3.4,3.8,8.9,0.0,0.0,0.0,0.0,0.0,0.0,0.1,5.7,7.800000000000001,19.1,0.0,0.0,0.0,0.0,0.0,0.0,0.0,4.3,4.8,11.9,0.0,0.0,0.0,0.0,0.0,0.0,0.5,8.6,9.6,16.8,0.0,0.0,0.0,0.0,0.0,0.0,0.0,6.2,6.6000000000000005,14.6,0.0,0.0,0.0,0.025,0.0,0.0,2.9499999999999997,4.4,4.800000000000001,12.8,0.0,0.0,0.0,0.0,0.0,0.0,0.0,1.8,1.8,1.8,0.0,0.0,0.0,0.0,0.0,0.0,0.0,1.3,3.4,14.700000000000001,0.0,0.0,0.0,0.0,0.0,0.0,0.0,4.3999999999999995,5.2,13.299999999999999,0.0,0.0,0.0,0.0,0.0,0.0,0.0,1.2,1.2,1.2,0.0,0.0,0.0,0.0,0.0,0.0,0.0,4.9,5.6000000000000005,15.9,0.0,0.0,0.0,0.0,0.0,0.0,0.0,7.0,7.6,16.1,0.0,0.0,0.0,0.0,0.0,0.0,0.0,1.0,1.7000000000000002,22.900000000000002,0.0,0.0,0.0,0.0,0.0,0.0,0.0,3.4000000000000004,5.3,19.5,0.0,0.0,0.0,0.0,0.0,0.0,0.1,15.1,15.7,23.3,0.0,0.0,0.0,0.0,0.0,0.0,0.1,3.6,5.699999999999999,16.599999999999998,0.0
2026-09-22 07:30:00+00:00,30.5,2.09,95.9,2.64,274.0,6.18,2.48,910.4,206.0,2.07,265,-0.9886775902323404,7,0.9659258262890684,-0.2588190451025206,0.0,3.8,4.7,4.8,3.0,2.06,2.07,2.06,2.07,0.0,-0.0100000000000002,87.1,97.4,87.1,97.4,-3.0999999999999943,-1.5,0.0,240.0,226.0,240.0,0.0,6.06,6.01,6.06,0.0,0.0,0.0,0.0,193.0,2.35,2.3,0.0699999999999998,160.0,148.0,18.0,0.0,0.0,0.0,0.0,0.0,0.0,0.0,0.0,0.0,0.0,0.0,0.0,0.0,0.0,0.0,0.0,0.0,0.0,0.0,0.0,0.0,0.0,0.0,0.0,0.0,0.0,7.5,7.5,7.5,0.0,0.0,0.0,0.0,0.0,0.0,0.0,27.5,27.5,27.5,0.0,0.0,0.0,0.0,0.0,0.0,0.0,22.900000000000002,22.900000000000002,22.900000000000002,0.0,0.0,0.0,0.0,0.0,0.0,0.0,4.1,5.7,19.6,0.0,0.0,0.0,0.0,0.0,0.0,0.0,3.4,3.8,8.9,0.0,0.0,0.0,0.0,0.0,0.0,0.1,5.7,7.800000000000001,19.1,0.0,0.0,0.0,0.0,0.0,0.0,0.0,4.3,4.8,11.9,0.0,0.0,0.0,0.0,0.0,0.0,0.5,8.6,9.6,16.8,0.0,0.0,0.0,0.0,0.0,0.0,0.0,6.2,6.6000000000000005,14.6,0.0,0.0,0.0,0.025,0.0,0.0,2.85,4.4,4.800000000000001,12.8,0.0,0.0,0.0,0.0,0.0,0.0,0.0,1.8,1.8,1.8,0.0,0.0,0.0,0.0,0.0,0.0,0.0,1.3,3.4,14.700000000000001,0.0,0.0,0.0,0.0,0.0,0.0,0.0,4.3999999999999995,5.2,13.299999999999999,0.0,0.0,0.0,0.0,0.0,0.0,0.0,1.2,1.2,1.2,0.0,0.0,0.0,0.0,0.0,0.0,0.0,4.9,5.6000000000000005,15.9,0.0,0.0,0.0,0.0,0.0,0.0,0.0,7.0,7.6,16.1,0.0,0.0,0.0,0.0,0.0,0.0,0.0,1.0,1.7000000000000002,22.900000000000002,0.0,0.0,0.0,0.0,0.0,0.0,0.0,3.4000000000000004,5.3,19.5,0.0,0.0,0.0,0.0,0.0,0.0,0.1,15.1,15.7,23.3,0.0,0.0,0.0,0.0,0.0,0.0,0.0,3.6,5.699999999999999,16.599999999999998,0.0
2026-09-22 08:00:00+00:00,30.5,2.09,95.9,2.64,278.0,6.19,2.51,910.41,209.0,2.08,265,-0.9886775902323404,8,0.8660254037844387,-0.4999999999999998,0.0,3.8,4.7,4.8,3.0,2.06,2.07,2.06,2.07,0.0,-0.0100000000000002,87.1,100.0,87.1,100.0,0.0,-1.5,0.0,240.0,226.0,240.0,0.0,6.06,6.01,6.06,0.0,0.0,0.0,0.0,201.0,2.35,2.3,0.0699999999999998,160.0,148.0,19.0,0.0,0.0,0.0,0.0,0.0,0.0,0.0,0.0,0.0,0.0,0.0,0.0,0.0,0.0,0.0,0.0,0.0,0.0,0.0,0.0,0.0,0.0,0.0,0.0,0.0,0.0,7.5,7.5,7.5,0.0,0.0,0.0,0.0,0.0,0.0,0.0,27.5,27.5,27.5,0.0,0.0,0.0,0.0,0.0,0.0,0.0,22.900000000000002,22.900000000000002,22.900000000000002,0.0,0.0,0.0,0.0,0.0,0.0,0.0,4.1,5.7,19.6,0.0,0.0,0.0,0.0,0.0,0.0,0.0,3.4,3.8,8.9,0.0,0.0,0.0,0.0,0.0,0.0,0.1,5.7,7.800000000000001,19.1,0.0,0.0,0.0,0.0,0.0,0.0,0.0,4.3,4.8,11.9,0.0,0.0,0.0,0.0,0.0,0.0,0.5,8.6,9.6,16.8,0.0,0.0,0.0,0.0,0.0,0.0,0.0,6.2,6.6000000000000005,14.6,0.0,0.0,0.0,0.025,0.0,0.0,2.8,4.4,4.800000000000001,12.8,0.0,0.0,0.0,0.0,0.0,0.0,0.0,1.8,1.8,1.8,0.0,0.0,0.0,0.0,0.0,0.0,0.0,1.3,3.4,14.700000000000001,0.0,0.0,0.0,0.0,0.0,0.0,0.0,4.3999999999999995,5.2,13.299999999999999,0.0,0.0,0.0,0.0,0.0,0.0,0.0,1.2,1.2,1.2,0.0,0.0,0.0,0.0,0.0,0.0,0.0,4.9,5.6000000000000005,15.9,0.0,0.0,0.0,0.0,0.0,0.0,0.0,7.0,7.6,16.1,0.0,0.0,0.0,0.0,0.0,0.0,0.0,1.0,1.7000000000000002,22.900000000000002,0.0,0.0,0.0,0.0,0.0,0.0,0.0,3.4000000000000004,5.3,19.5,0.0,0.0,0.0,0.0,0.0,0.0,0.1,15.1,15.7,23.3,0.0,0.0,0.0,0.0,0.0,0.0,0.0,3.6,5.699999999999999,16.599999999999998,0.0
2026-09-22 08:30:00+00:00,30.5,2.09,94.4,2.63,274.0,6.18,2.54,910.42,213.0,2.1,265,-0.9886775902323404,8,0.8660254037844387,-0.4999999999999998,0.0,3.8,4.7,4.8,3.0,2.06,2.07,2.06,2.07,0.0,-0.02,90.0,99.0,90.0,99.0,-1.5,-3.0,0.0,240.0,226.0,240.0,-4.0,6.06,6.01,6.06,-0.0100000000000006,0.0,0.0,0.0,209.0,2.35,2.3,0.08,160.0,148.0,21.0,0.0,0.0,0.0,0.0,0.0,0.0,0.0,0.0,0.0,0.0,0.0,0.0,0.0,0.0,0.0,0.0,0.0,0.0,0.0,0.0,0.0,0.0,0.0,0.0,0.0,0.0,7.5,7.5,7.5,0.0,0.0,0.0,0.0,0.0,0.0,0.0,27.5,27.5,27.5,0.0,0.0,0.0,0.0,0.0,0.0,0.0,22.900000000000002,22.900000000000002,22.900000000000002,0.0,0.0,0.0,0.0,0.0,0.0,0.0,4.1,5.7,19.6,0.0,0.0,0.0,0.0,0.0,0.0,0.0,3.4,3.8,8.9,0.0,0.0,0.0,0.0,0.0,0.0,0.0,5.7,7.800000000000001,19.1,0.0,0.0,0.0,0.0,0.0,0.0,0.0,4.3,4.8,11.9,0.0,0.0,0.0,0.0,0.0,0.0,0.0,8.6,9.6,16.8,0.0,0.0,0.0,0.0,0.0,0.0,0.0,6.2,6.6000000000000005,14.6,0.0,0.0,0.0,0.025,0.0,0.0,2.8,4.4,4.800000000000001,12.8,0.0,0.0,0.0,0.0,0.0,0.0,0.0,1.8,1.8,1.8,0.0,0.0,0.0,0.0,0.0,0.0,0.0,1.3,3.4,14.700000000000001,0.0,0.0,0.0,0.0,0.0,0.0,0.0,4.3999999999999995,5.2,13.299999999999999,0.0,0.0,0.0,0.0,0.0,0.0,0.0,1.2,1.2,1.2,0.0,0.0,0.0,0.0,0.0,0.0,0.0,4.9,5.6000000000000005,15.9,0.0,0.0,0.0,0.0,0.0,0.0,0.0,7.0,7.6,16.1,0.0,0.0,0.0,0.0,0.0,0.0,0.0,1.0,1.7000000000000002,22.900000000000002,0.0,0.0,0.0,0.0,0.0,0.0,0.0,3.4000000000000004,5.3,19.5,0.0,0.0,0.0,0.0,0.0,0.0,0.0,15.1,15.7,23.3,0.0,0.0,0.0,0.0,0.0,0.0,0.0,3.6,5.699999999999999,16.599999999999998,0.0
2026-09-22 09:00:00+00:00,30.5,2.09,95.9,2.64,274.0,6.18,2.55,910.43,215.0,2.11,265,-0.9886775902323404,9,0.7071067811865476,-0.7071067811865475,0.0,3.8,4.725,4.8,3.0,2.06,2.07,2.06,2.07,0.0,-0.02,93.0,95.9,93.0,95.9,0.0,-1.5,0.0,240.0,226.0,240.0,0.0,6.06,6.01,6.06,0.0,0.0,0.0,0.0,212.0,2.36,2.29,0.0699999999999998,163.0,146.0,19.0,0.0,0.0,0.0,0.0,0.0,0.0,0.0,0.0,0.0,0.0,0.0,0.0,0.0,0.0,0.0,0.0,0.0,0.0,0.0,0.0,0.0,0.0,0.0,0.0,0.0,0.0,7.5,7.5,7.5,0.0,0.0,0.0,0.0,0.0,0.0,0.0,27.5,27.5,27.5,0.0,0.0,0.0,0.0,0.0,0.0,0.0,22.900000000000002,22.900000000000002,22.900000000000002,0.0,0.0,0.0,0.0,0.0,0.0,0.0,4.1,5.7,19.6,0.0,0.0,0.0,0.0,0.0,0.0,0.0,3.4,3.8,8.9,0.0,0.0,0.0,0.0,0.0,0.0,0.0,5.7,7.800000000000001,19.1,0.0,0.0,0.0,0.0,0.0,0.0,0.0,4.3,4.8,11.9,0.0,0.0,0.0,0.0,0.0,0.0,0.0,8.6,9.6,16.8,0.0,0.0,0.0,0.0,0.0,0.0,0.0,6.2,6.6000000000000005,14.6,0.0,0.0,0.0,0.2,0.0,0.0,2.8,4.4,4.800000000000001,12.8,0.0,0.0,0.0,0.0,0.0,0.0,0.0,1.8,1.8,1.8,0.0,0.0,0.0,0.0,0.0,0.0,0.0,1.3,3.4,14.700000000000001,0.0,0.0,0.0,0.0,0.0,0.0,0.0,4.3999999999999995,5.2,13.299999999999999,0.0,0.0,0.0,0.0,0.0,0.0,0.0,1.2,1.2,1.2,0.0,0.0,0.0,0.0,0.0,0.0,0.0,4.9,5.6000000000000005,15.9,0.0,0.0,0.0,0.0,0.0,0.0,0.0,7.0,7.6,16.1,0.0,0.0,0.0,0.0,0.0,0.0,0.0,1.0,1.7000000000000002,22.900000000000002,0.0,0.0,0.0,0.0,0.0,0.0,0.0,3.4000000000000004,5.3,19.5,0.0,0.0,0.0,0.0,0.0,0.0,0.0,15.1,15.7,23.3,0.0,0.0,0.0,0.0,0.0,0.0,0.0,3.6,5.699999999999999,16.599999999999998,0.0
2026-09-22 09:30:00+00:00,30.5,2.09,97.4,2.65,274.0,6.18,2.56,910.44,220.0,2.13,265,-0.9886775902323404,9,0.7071067811865476,-0.7071067811865475,0.0,3.8,4.775,4.8,3.0,2.07,2.07,2.07,2.07,0.0,-0.02,94.4,91.5,94.4,91.5,1.5,0.0,0.0,243.0,226.0,243.0,-4.0,6.07,6.01,6.07,-0.0100000000000006,0.0,0.0,0.0,215.0,2.37,2.29,0.0500000000000002,165.0,146.0,14.0,0.0,0.0,0.0,0.0,0.0,0.0,0.0,0.0,0.0,0.0,0.0,0.0,0.0,0.0,0.0,0.0,0.0,0.0,0.0,0.0,0.0,0.0,0.0,0.0,0.0,0.0,7.5,7.5,7.5,0.0,0.0,0.0,0.0,0.0,0.0,0.0,27.5,27.5,27.5,0.0,0.0,0.0,0.0,0.0,0.0,0.0,22.900000000000002,22.900000000000002,22.900000000000002,0.0,0.0,0.0,0.0,0.0,0.0,0.0,4.1,5.7,19.6,0.0,0.0,0.0,0.0,0.0,0.0,0.0,3.4,3.8,8.9,0.0,0.0,0.0,0.0,0.0,0.0,0.0,5.7,7.800000000000001,19.1,0.0,0.0,0.0,0.0,0.0,0.0,0.0,4.3,4.8,11.9,0.0,0.0,0.0,0.0,0.0,0.0,0.0,8.6,9.6,16.8,0.0,0.0,0.0,0.0,0.0,0.0,0.0,6.2,6.6000000000000005,14.6,0.0,0.0,0.0,0.2,0.0,0.0,2.8,4.4,4.800000000000001,12.8,0.0,0.0,0.0,0.0,0.0,0.0,0.0,1.8,1.8,1.8,0.0,0.0,0.0,0.0,0.0,0.0,0.0,1.3,3.4,14.700000000000001,0.0,0.0,0.0,0.0,0.0,0.0,0.0,4.3999999999999995,5.2,13.299999999999999,0.0,0.0,0.0,0.0,0.0,0.0,0.0,1.2,1.2,1.2,0.0,0.0,0.0,0.0,0.0,0.0,0.0,4.9,5.6000000000000005,15.9,0.0,0.0,0.0,0.0,0.0,0.0,0.0,7.0,7.6,16.1,0.0,0.0,0.0,0.0,0.0,0.0,0.0,1.0,1.7000000000000002,22.900000000000002,0.0,0.0,0.0,0.0,0.0,0.0,0.0,3.4000000000000004,5.3,19.5,0.0,0.0,0.0,0.0,0.0,0.0,0.0,15.1,15.7,23.3,0.0,0.0,0.0,0.0,0.0,0.0,0.0,3.6,5.699999999999999,16.599999999999998,0.0
2026-09-22 10:00:00+00:00,29.6,2.08,95.9,2.64,274.0,6.18,2.56,910.46,222.0,2.14,265,-0.9886775902323404,10,0.4999999999999999,-0.8660254037844387,0.0,3.825,4.8,4.9,3.0,2.07,2.08,2.07,2.08,-0.0099999999999997,-0.02,95.9,90.0,95.9,90.0,1.5,-3.0999999999999943,-0.0099999999999997,243.0,226.0,243.0,0.0,6.07,6.01,6.07,0.0,0.0,0.0,0.0,215.0,2.37,2.29,0.02,165.0,146.0,6.0,0.0,0.0,0.0,0.0,0.0,0.0,0.0,0.0,0.0,0.0,0.0,0.0,0.0,0.0,0.0,0.0,0.0,0.0,0.0,0.0,0.0,0.0,0.0,0.0,0.0,0.0,7.5,7.5,7.5,0.0,0.0,0.0,0.0,0.0,0.0,0.0,27.5,27.5,27.5,0.0,0.0,0.0,0.0,0.0,0.0,0.0,22.900000000000002,22.900000000000002,22.900000000000002,0.0,0.0,0.0,0.0,0.0,0.0,0.0,4.1,5.7,19.6,0.0,0.0,0.0,0.0,0.0,0.0,0.0,3.4,3.8,8.9,0.0,0.0,0.0,0.0,0.0,0.0,0.0,5.7,7.800000000000001,19.1,0.0,0.0,0.0,0.0,0.0,0.0,0.0,4.3,4.8,11.9,0.0,0.0,0.0,0.0,0.0,0.0,0.0,8.6,9.6,16.8,0.0,0.0,0.0,0.0,0.0,0.0,0.0,6.2,6.6000000000000005,14.6,0.0,0.0,0.0,0.15,0.0,0.0,2.675,4.4,4.800000000000001,12.8,0.0,0.0,0.0,0.0,0.0,0.0,0.0,1.8,1.8,1.8,0.0,0.0,0.0,0.0,0.0,0.0,0.0,1.3,3.4,14.700000000000001,0.0,0.0,0.0,0.0,0.0,0.0,0.0,4.3999999999999995,5.2,13.299999999999999,0.0,0.0,0.0,0.0,0.0,0.0,0.0,1.2,1.2,1.2,0.0,0.0,0.0,0.0,0.0,0.0,0.0,4.9,5.6000000000000005,15.9,0.0,0.0,0.0,0.0,0.0,0.0,0.0,7.0,7.6,16.1,0.0,0.0,0.0,0.0,0.0,0.0,0.0,1.0,1.7000000000000002,22.900000000000002,0.0,0.0,0.0,0.0,0.0,0.0,0.0,3.4000000000000004,5.3,19.5,0.0,0.0,0.0,0.0,0.0,0.0,0.0,15.1,15.7,23.3,0.0,0.0,0.0,0.0,0.0,0.0,0.0,3.6,5.699999999999999,16.599999999999998,0.0
2026-09-22 10:30:00+00:00,29.6,2.08,94.4,2.63,274.0,6.18,2.56,910.47,229.0,2.17,265,-0.9886775902323404,10,0.4999999999999999,-0.8660254037844387,0.0,3.875,4.8,5.1,3.0,2.08,2.08,2.08,2.08,-0.0099999999999997,-0.02,95.9,90.0,95.9,90.0,-1.5,-3.0,0.0,240.0,226.0,240.0,0.0,6.06,6.01,6.06,0.0,0.0,0.0,0.0,215.0,2.38,2.29,0.0100000000000002,167.0,146.0,3.0,0.0,0.0,0.0,0.0,0.0,0.0,0.0,0.0,0.0,0.0,0.0,0.0,0.0,0.0,0.0,0.0,0.0,0.0,0.0,0.0,0.0,0.0,0.0,0.0,0.0,0.0,7.5,7.5,7.5,0.0,0.0,0.0,0.0,0.0,0.0,0.0,27.5,27.5,27.5,0.0,0.0,0.0,0.0,0.0,0.0,0.0,22.900000000000002,22.900000000000002,22.900000000000002,0.0,0.0,0.0,0.0,0.0,0.0,0.0,4.1,5.7,19.6,0.0,0.0,0.0,0.0,0.0,0.0,0.0,3.4,3.8,8.9,0.0,0.0,0.0,0.0,0.0,0.0,0.0,5.7,7.800000000000001,19.1,0.0,0.0,0.0,0.0,0.0,0.0,0.0,4.3,4.8,11.9,0.0,0.0,0.0,0.0,0.0,0.0,0.0,8.6,9.6,16.8,0.0,0.0,0.0,0.0,0.0,0.0,0.0,6.2,6.6000000000000005,14.6,0.0,0.0,0.0,0.15,0.0,0.0,2.425,4.4,4.800000000000001,12.8,0.0,0.0,0.0,0.0,0.0,0.0,0.0,1.8,1.8,1.8,0.0,0.0,0.0,0.0,0.0,0.0,0.0,1.3,3.4,14.700000000000001,0.0,0.0,0.0,0.0,0.0,0.0,0.0,4.3999999999999995,5.2,13.299999999999999,0.0,0.0,0.0,0.0,0.0,0.0,0.0,1.2,1.2,1.2,0.0,0.0,0.0,0.0,0.0,0.0,0.0,4.9,5.6000000000000005,15.9,0.0,0.0,0.0,0.0,0.0,0.0,0.0,7.0,7.6,16.1,0.0,0.0,0.0,0.0,0.0,0.0,0.0,1.0,1.7000000000000002,22.900000000000002,0.0,0.0,0.0,0.0,0.0,0.0,0.0,3.4000000000000004,5.3,19.5,0.0,0.0,0.0,0.0,0.0,0.0,0.0,15.1,15.7,23.3,0.0,0.0,0.0,0.0,0.0,0.0,0.0,3.6,5.699999999999999,16.599999999999998,0.0
2026-09-22 11:00:00+00:00,29.6,2.08,93.0,2.62,274.0,6.18,2.57,910.48,234.0,2.19,265,-0.9886775902323404,11,0.258819045102521,-0.9659258262890682,0.0,3.95,4.85,5.225,3.0,2.08,2.08,2.08,2.08,-0.0099999999999997,-0.02,95.9,90.0,95.9,90.0,-4.400000000000006,-4.400000000000006,0.0,240.0,226.0,240.0,0.0,6.06,6.01,6.06,0.0,0.0,0.0,0.0,218.0,2.38,2.29,0.0099999999999997,167.0,146.0,3.0,0.0,0.0,0.0,0.0,0.0,0.0,0.0,0.0,0.0,0.0,0.0,0.0,0.0,0.0,0.0,0.0,0.0,0.0,0.0,0.0,0.0,0.0,0.0,0.0,0.0,0.0,7.5,7.5,7.5,0.0,0.0,0.0,0.0,0.0,0.0,0.0,27.5,27.5,27.5,0.0,0.0,0.0,0.0,0.0,0.0,0.0,22.900000000000002,22.900000000000002,22.900000000000002,0.0,0.0,0.0,0.0,0.0,0.0,0.0,4.1,5.7,19.6,0.0,0.0,0.0,0.0,0.0,0.0,0.0,3.4,3.8,8.9,0.0,0.0,0.0,0.0,0.0,0.0,0.0,5.7,7.800000000000001,19.1,0.0,0.0,0.0,0.0,0.0,0.0,0.0,4.3,4.8,11.9,0.0,0.0,0.0,0.0,0.0,0.0,0.0,8.6,9.6,16.8,0.0,0.0,0.0,0.0,0.0,0.0,0.0,6.2,6.6000000000000005,14.6,0.0,0.0,0.0,0.0,0.0,0.0,2.175,4.4,4.800000000000001,12.8,0.0,0.0,0.0,0.0,0.0,0.0,0.0,1.8,1.8,1.8,0.0,0.0,0.0,0.0,0.0,0.0,0.0,1.3,3.4,14.700000000000001,0.0,0.0,0.0,0.0,0.0,0.0,0.0,4.3999999999999995,5.2,13.299999999999999,0.0,0.0,0.0,0.0,0.0,0.0,0.0,1.2,1.2,1.2,0.0,0.0,0.0,0.0,0.0,0.0,0.0,4.9,5.6000000000000005,15.9,0.0,0.0,0.0,0.0,0.0,0.0,0.0,7.0,7.6,16.1,0.0,0.0,0.0,0.0,0.0,0.0,0.0,1.0,1.7000000000000002,22.900000000000002,0.0,0.0,0.0,0.0,0.0,0.0,0.0,3.4000000000000004,5.3,19.5,0.0,0.0,0.0,0.0,0.0,0.0,0.0,15.1,15.7,23.3,0.0,0.0,0.0,0.0,0.0,0.0,0.0,3.6,5.699999999999999,16.599999999999998,0.0
2026-09-22 11:30:00+00:00,29.6,2.08,91.5,2.61,271.0,6.17,2.58,910.49,239.0,2.21,265,-0.9886775902323404,11,0.258819045102521,-0.9659258262890682,0.0,4.05,4.95,5.275,3.0,2.08,2.08,2.08,2.08,0.0,-0.02,97.4,88.6,97.4,88.6,-4.400000000000006,-5.900000000000006,0.0,240.0,229.0,240.0,-3.0,6.06,6.02,6.06,-0.0099999999999997,0.0,0.0,0.0,220.0,2.39,2.29,0.02,170.0,146.0,5.0,0.0,0.0,0.0,0.0,0.0,0.0,0.0,0.0,0.0,0.0,0.0,0.0,0.0,0.0,0.0,0.0,0.0,0.0,0.0,0.0,0.0,0.0,0.0,0.0,0.0,0.0,7.5,7.5,7.5,0.0,0.0,0.0,0.0,0.0,0.0,0.0,27.5,27.5,27.5,0.0,0.0,0.0,0.0,0.0,0.0,0.0,22.900000000000002,22.900000000000002,22.900000000000002,0.0,0.0,0.0,0.0,0.0,0.0,0.0,4.1,5.7,19.6,0.0,0.0,0.0,0.0,0.0,0.0,0.0,3.4,3.8,8.9,0.0,0.0,0.0,0.0,0.0,0.0,0.0,5.7,7.800000000000001,19.1,0.0,0.0,0.0,0.0,0.0,0.0,0.0,4.3,4.8,11.9,0.0,0.0,0.0,0.0,0.0,0.0,0.0,8.6,9.6,16.8,0.0,0.0,0.0,0.0,0.0,0.0,0.0,6.2,6.6000000000000005,14.6,0.0,0.0,0.0,0.0,0.0,0.0,1.925,4.4,4.800000000000001,12.8,0.0,0.0,0.0,0.0,0.0,0.0,0.0,1.8,1.8,1.8,0.0,0.0,0.0,0.0,0.0,0.0,0.0,1.3,3.4,14.700000000000001,0.0,0.0,0.0,0.0,0.0,0.0,0.0,4.3999999999999995,5.2,13.299999999999999,0.0,0.0,0.0,0.0,0.0,0.0,0.0,1.2,1.2,1.2,0.0,0.0,0.0,0.0,0.0,0.0,0.0,4.9,5.6000000000000005,15.9,0.0,0.0,0.0,0.0,0.0,0.0,0.0,7.0,7.6,16.1,0.0,0.0,0.0,0.0,0.0,0.0,0.0,1.0,1.7000000000000002,22.900000000000002,0.0,0.0,0.0,0.0,0.0,0.0,0.0,3.4000000000000004,5.3,19.5,0.0,0.0,0.0,0.0,0.0,0.0,0.0,15.1,15.7,23.3,0.0,0.0,0.0,0.0,0.0,0.0,0.0,3.6,5.699999999999999,16.599999999999998,0.0
2026-09-22 12:00:00+00:00,30.5,2.09,91.5,2.61,271.0,6.17,2.57,910.5,244.0,2.23,265,-0.9886775902323404,12,1.2246467991473532e-16,-1.0,0.0,4.125,5.025,5.325,3.0,2.09,2.08,2.09,2.08,0.0099999999999997,0.0,97.4,88.6,97.4,88.6,-2.9000000000000057,-7.5,0.0099999999999997,240.0,229.0,240.0,-3.0,6.06,6.02,6.06,-0.0099999999999997,0.0,0.0,0.0,218.0,2.39,2.29,0.0099999999999997,170.0,146.0,3.0,0.0,0.0,0.0,0.0,0.0,0.0,0.0,0.0,0.0,0.0,0.0,0.0,0.0,0.0,0.0,0.0,0.0,0.0,0.0,0.0,0.0,0.0,0.0,0.0,0.0,0.0,7.5,7.5,7.5,0.0,0.0,0.0,0.0,0.0,0.0,0.0,27.5,27.5,27.5,0.0,0.0,0.0,0.0,0.0,0.0,0.0,22.900000000000002,22.900000000000002,22.900000000000002,0.0,0.0,0.0,0.0,0.0,0.0,0.0,4.1,5.7,19.6,0.0,0.0,0.0,0.0,0.0,0.0,0.0,3.4,3.8,8.9,0.0,0.0,0.0,0.0,0.0,0.0,0.0,5.7,7.800000000000001,19.1,0.0,0.0,0.0,0.0,0.0,0.0,0.0,4.3,4.8,11.9,0.0,0.0,0.0,0.0,0.0,0.0,0.0,8.6,9.6,16.8,0.0,0.0,0.0,0.0,0.0,0.0,0.0,6.2,6.6000000000000005,14.6,0.0,0.0,0.0,0.0,0.0,0.0,1.7500000000000002,4.4,4.800000000000001,12.8,0.0,0.0,0.0,0.0,0.0,0.0,0.0,1.8,1.8,1.8,0.0,0.0,0.0,0.0,0.0,0.0,0.0,1.3,3.4,14.700000000000001,0.0,0.0,0.0,0.0,0.0,0.0,0.0,4.3999999999999995,5.2,13.299999999999999,0.0,0.0,0.0,0.0,0.0,0.0,0.0,1.2,1.2,1.2,0.0,0.0,0.0,0.0,0.0,0.0,0.0,4.9,5.6000000000000005,15.9,0.0,0.0,0.0,0.0,0.0,0.0,0.0,7.0,7.6,16.1,0.0,0.0,0.0,0.0,0.0,0.0,0.0,1.0,1.7000000000000002,22.900000000000002,0.0,0.0,0.0,0.0,0.0,0.0,0.0,3.4000000000000004,5.3,19.5,0.0,0.0,0.0,0.0,0.0,0.0,0.0,15.1,15.7,23.3,0.0,0.0,0.0,0.0,0.0,0.0,0.0,3.6,5.699999999999999,16.599999999999998,0.0
2026-09-22 12:30:00+00:00,29.6,2.08,90.0,2.6,271.0,6.17,2.57,910.51,248.0,2.25,265,-0.9886775902323404,12,1.2246467991473532e-16,-1.0,0.0,4.175,5.075,5.375,3.0,2.09,2.08,2.09,2.08,0.0,-0.0099999999999997,97.4,87.1,97.4,87.1,-3.0,-5.900000000000006,0.0,237.0,229.0,237.0,-3.0,6.05,6.02,6.05,-0.0099999999999997,0.0,0.0,0.0,218.0,2.39,2.29,0.0,170.0,146.0,0.0,0.0,0.0,0.0,0.0,0.0,0.0,0.0,0.0,0.0,0.0,0.0,0.0,0.0,0.0,0.0,0.0,0.0,0.0,0.0,0.0,0.0,0.0,0.0,0.0,0.0,0.0,7.5,7.5,7.5,0.0,0.0,0.0,0.0,0.0,0.0,0.0,27.5,27.5,27.5,0.0,0.0,0.0,0.0,0.0,0.0,0.0,22.900000000000002,22.900000000000002,22.900000000000002,0.0,0.0,0.0,0.0,0.0,0.0,0.0,4.1,5.7,19.6,0.0,0.0,0.0,0.0,0.0,0.0,0.0,3.4,3.8,8.9,0.0,0.0,0.0,0.0,0.0,0.0,0.0,5.7,7.800000000000001,19.1,0.0,0.0,0.0,0.0,0.0,0.0,0.0,4.3,4.8,11.9,0.0,0.0,0.0,0.0,0.0,0.0,0.0,8.6,9.6,16.8,0.0,0.0,0.0,0.0,0.0,0.0,0.0,6.2,6.6000000000000005,14.6,0.0,0.0,0.0,0.0,0.0,0.0,1.6500000000000001,4.4,4.800000000000001,12.8,0.0,0.0,0.0,0.0,0.0,0.0,0.0,1.8,1.8,1.8,0.0,0.0,0.0,0.0,0.0,0.0,0.0,1.3,3.4,14.700000000000001,0.0,0.0,0.0,0.0,0.0,0.0,0.0,4.3999999999999995,5.2,13.299999999999999,0.0,0.0,0.0,0.0,0.0,0.0,0.0,1.2,1.2,1.2,0.0,0.0,0.0,0.0,0.0,0.0,0.0,4.9,5.6000000000000005,15.9,0.0,0.0,0.0,0.0,0.0,0.0,0.0,7.0,7.6,16.1,0.0,0.0,0.0,0.0,0.0,0.0,0.0,1.0,1.7000000000000002,22.900000000000002,0.0,0.0,0.0,0.0,0.0,0.0,0.0,3.4000000000000004,5.3,19.5,0.0,0.0,0.0,0.0,0.0,0.0,0.0,15.1,15.7,23.3,0.0,0.0,0.0,0.0,0.0,0.0,0.0,3.6,5.699999999999999,16.599999999999998,0.0
2026-09-22 13:00:00+00:00,30.5,2.09,88.6,2.59,271.0,6.17,2.57,910.52,251.0,2.26,265,-0.9886775902323404,13,-0.2588190451025208,-0.9659258262890684,0.0,4.2,5.125,5.45,3.0,2.1,2.08,2.1,2.08,0.0099999999999997,0.0,97.4,87.1,97.4,87.1,-2.9000000000000057,-7.300000000000011,0.0,237.0,229.0,237.0,0.0,6.05,6.02,6.05,0.0,0.0,0.0,0.0,218.0,2.39,2.29,-0.0100000000000002,170.0,146.0,-2.0,0.0,0.0,0.0,0.0,0.0,0.0,0.0,0.0,0.0,0.0,0.0,0.0,0.0,0.0,0.0,0.0,0.0,0.0,0.0,0.0,0.0,0.0,0.0,0.0,0.0,0.0,7.5,7.5,7.5,0.0,0.0,0.0,0.0,0.0,0.0,0.0,27.5,27.5,27.5,0.0,0.0,0.0,0.0,0.0,0.0,0.0,22.900000000000002,22.900000000000002,22.900000000000002,0.0,0.0,0.0,0.0,0.0,0.0,0.0,4.1,5.7,19.6,0.0,0.0,0.0,0.0,0.0,0.0,0.0,3.4,3.8,8.9,0.0,0.0,0.0,0.0,0.0,0.0,0.0,5.7,7.800000000000001,19.1,0.0,0.0,0.0,0.0,0.0,0.0,0.0,4.3,4.8,11.9,0.0,0.0,0.0,0.0,0.0,0.0,0.0,8.6,9.6,16.8,0.0,0.0,0.0,0.0,0.0,0.0,0.0,6.2,6.6000000000000005,14.6,0.0,0.0,0.0,0.0,0.0,0.0,1.6,4.4,4.800000000000001,12.8,0.0,0.0,0.0,0.0,0.0,0.0,0.0,1.8,1.8,1.8,0.0,0.0,0.0,0.0,0.0,0.0,0.0,1.3,3.4,14.700000000000001,0.0,0.0,0.0,0.0,0.0,0.0,0.0,4.3999999999999995,5.2,13.299999999999999,0.0,0.0,0.0,0.0,0.0,0.0,0.0,1.2,1.2,1.2,0.0,0.0,0.0,0.0,0.0,0.0,0.0,4.9,5.6000000000000005,15.9,0.0,0.0,0.0,0.0,0.0,0.0,0.0,7.0,7.6,16.1,0.0,0.0,0.0,0.0,0.0,0.0,0.0,1.0,1.7000000000000002,22.900000000000002,0.0,0.0,0.0,0.0,0.0,0.0,0.0,3.4000000000000004,5.3,19.5,0.0,0.0,0.0,0.0,0.0,0.0,0.0,15.1,15.7,23.3,0.0,0.0,0.0,0.0,0.0,0.0,0.0,3.6,5.699999999999999,16.599999999999998,0.0
2026-09-22 13:30:00+00:00,30.5,2.09,88.6,2.59,271.0,6.17,2.57,910.52,256.0,2.28,265,-0.9886775902323404,13,-0.2588190451025208,-0.9659258262890684,0.0,4.2,5.175,5.55,3.0,2.1,2.08,2.1,2.08,0.0,0.0,97.4,85.7,97.4,85.7,-2.9000000000000057,-7.300000000000011,0.0,237.0,232.0,237.0,0.0,6.05,6.03,6.05,0.0,0.0,0.0,0.0,218.0,2.39,2.29,0.0,170.0,146.0,0.0,0.0,0.0,0.0,0.0,0.0,0.0,0.0,0.0,0.0,0.0,0.0,0.0,0.0,0.0,0.0,0.0,0.0,0.0,0.0,0.0,0.0,0.0,0.0,0.0,0.0,0.0,7.5,7.5,7.5,0.0,0.0,0.0,0.0,0.0,0.0,0.0,27.5,27.5,27.5,0.0,0.0,0.0,0.0,0.0,0.0,0.0,22.900000000000002,22.900000000000002,22.900000000000002,0.0,0.0,0.0,0.0,0.0,0.0,0.0,4.1,5.7,19.6,0.0,0.0,0.0,0.0,0.0,0.0,0.0,3.4,3.8,8.9,0.0,0.0,0.0,0.0,0.0,0.0,0.0,5.7,7.800000000000001,19.1,0.0,0.0,0.0,0.0,0.0,0.0,0.0,4.3,4.8,11.9,0.0,0.0,0.0,0.0,0.0,0.0,0.0,8.6,9.6,16.8,0.0,0.0,0.0,0.0,0.0,0.0,0.0,6.2,6.6000000000000005,14.6,0.0,0.0,0.0,0.0,0.0,0.0,1.6,4.4,4.800000000000001,12.8,0.0,0.0,0.0,0.0,0.0,0.0,0.0,1.8,1.8,1.8,0.0,0.0,0.0,0.0,0.0,0.0,0.0,1.3,3.4,14.700000000000001,0.0,0.0,0.0,0.0,0.0,0.0,0.0,4.3999999999999995,5.2,13.299999999999999,0.0,0.0,0.0,0.0,0.0,0.0,0.0,1.2,1.2,1.2,0.0,0.0,0.0,0.0,0.0,0.0,0.0,4.9,5.6000000000000005,15.9,0.0,0.0,0.0,0.0,0.0,0.0,0.0,7.0,7.6,16.1,0.0,0.0,0.0,0.0,0.0,0.0,0.0,1.0,1.7000000000000002,22.900000000000002,0.0,0.0,0.0,0.0,0.0,0.0,0.0,3.4000000000000004,5.3,19.5,0.0,0.0,0.0,0.0,0.0,0.0,0.0,15.1,15.7,23.3,0.0,0.0,0.0,0.0,0.0,0.0,0.0,3.6,5.699999999999999,16.599999999999998,0.0
2026-09-22 14:00:00+00:00,30.5,2.09,87.1,2.58,268.0,6.16,2.58,910.53,258.0,2.29,265,-0.9886775902323404,14,-0.4999999999999997,-0.8660254037844388,0.0,4.225,5.225,5.625,3.025,2.1,2.08,2.1,2.08,0.0099999999999997,0.0,97.4,82.9,97.4,82.9,-2.9000000000000057,-8.800000000000011,0.0,240.0,229.0,240.0,-3.0,6.06,6.02,6.06,-0.0099999999999997,0.0,0.0,0.0,220.0,2.38,2.29,0.0100000000000002,167.0,146.0,2.0,0.0,0.0,0.0,0.0,0.0,0.0,0.0,0.0,0.0,0.025,0.0,0.0,0.0,0.0,0.0,0.0,0.0,0.0,0.0,0.0,0.0,0.0,0.0,0.0,0.0,0.0,7.5,7.5,7.5,0.0,0.0,0.0,0.0,0.0,0.0,0.0,27.5,27.5,27.5,0.0,0.0,0.0,0.0,0.0,0.0,0.0,22.900000000000002,22.900000000000002,22.900000000000002,0.0,0.0,0.0,0.0,0.0,0.0,0.0,4.1,5.7,19.6,0.0,0.0,0.0,0.0,0.0,0.0,0.0,3.4,3.8,8.9,0.0,0.0,0.0,0.0,0.0,0.0,0.0,5.7,7.800000000000001,19.1,0.0,0.0,0.0,0.0,0.0,0.0,0.0,4.3,4.8,11.9,0.0,0.0,0.0,0.0,0.0,0.0,0.0,8.6,9.6,16.8,0.0,0.0,0.0,0.0,0.0,0.0,0.0,6.2,6.6000000000000005,14.6,0.0,0.0,0.0,0.0,0.025,0.025,1.625,4.425,4.825,12.825,0.12062500000000001,0.0,0.0,0.0,0.0,0.0,0.0,1.8,1.8,1.8,0.0,0.0,0.0,0.0,0.0,0.0,0.0,1.3,3.4,14.700000000000001,0.0,0.0,0.0,0.0,0.0,0.0,0.0,4.3999999999999995,5.2,13.299999999999999,0.0,0.0,0.0,0.0,0.0,0.0,0.0,1.2,1.2,1.2,0.0,0.0,0.0,0.0,0.0,0.0,0.0,4.9,5.6000000000000005,15.9,0.0,0.0,0.0,0.0,0.0,0.0,0.0,7.0,7.6,16.1,0.0,0.0,0.0,0.0,0.0,0.0,0.0,1.0,1.7000000000000002,22.900000000000002,0.0,0.0,0.0,0.0,0.0,0.0,0.0,3.4000000000000004,5.3,19.5,0.0,0.0,0.0,0.0,0.0,0.0,0.0,15.1,15.7,23.3,0.0,0.0,0.0,0.0,0.0,0.0,0.0,3.6,5.699999999999999,16.599999999999998,0.0
2026-09-22 14:30:00+00:00,30.5,2.09,85.7,2.57,268.0,6.16,2.57,910.53,258.0,2.29,265,-0.9886775902323404,14,-0.4999999999999997,-0.8660254037844388,0.0,4.275,5.275,5.675,3.075,2.11,2.08,2.11,2.08,0.0,0.0,97.4,82.9,97.4,82.9,-2.8999999999999915,-8.700000000000003,0.0,243.0,232.0,243.0,-3.0,6.07,6.03,6.07,-0.0099999999999997,0.0,0.0,0.0,218.0,2.39,2.29,0.0,170.0,146.0,0.0,0.0,0.0,0.0,0.0,0.0,0.0,0.0,0.0,0.0,0.025,0.0,0.0,0.0,0.0,0.0,0.0,0.0,0.0,0.0,0.0,0.0,0.0,0.0,0.0,0.0,0.0,7.5,7.5,7.5,0.0,0.0,0.0,0.0,0.0,0.0,0.0,27.5,27.5,27.5,0.0,0.0,0.0,0.0,0.0,0.0,0.0,22.900000000000002,22.900000000000002,22.900000000000002,0.0,0.0,0.0,0.0,0.0,0.0,0.0,4.1,5.7,19.6,0.0,0.0,0.0,0.0,0.0,0.0,0.0,3.4,3.8,8.9,0.0,0.0,0.0,0.0,0.0,0.0,0.0,5.7,7.800000000000001,19.1,0.0,0.0,0.0,0.0,0.0,0.0,0.0,4.3,4.8,11.9,0.0,0.0,0.0,0.0,0.0,0.0,0.0,8.6,9.6,16.8,0.0,0.0,0.0,0.0,0.0,0.0,0.0,6.2,6.6000000000000005,14.6,0.0,0.0,0.0,0.0,0.07500000000000001,0.07500000000000001,1.675,4.475,4.875,12.875,0.36562500000000003,0.0,0.0,0.0,0.0,0.0,0.0,1.8,1.8,1.8,0.0,0.0,0.0,0.0,0.0,0.0,0.0,1.3,3.4,14.700000000000001,0.0,0.0,0.0,0.0,0.0,0.0,0.0,4.3999999999999995,5.2,13.299999999999999,0.0,0.0,0.0,0.0,0.0,0.0,0.0,1.2,1.2,1.2,0.0,0.0,0.0,0.0,0.0,0.0,0.0,4.9,5.6000000000000005,15.9,0.0,0.0,0.0,0.0,0.0,0.0,0.0,7.0,7.6,16.1,0.0,0.0,0.0,0.0,0.0,0.0,0.0,1.0,1.7000000000000002,22.900000000000002,0.0,0.0,0.0,0.0,0.0,0.0,0.0,3.4000000000000004,5.3,19.5,0.0,0.0,0.0,0.0,0.0,0.0,0.0,15.1,15.7,23.3,0.0,0.0,0.0,0.0,0.0,0.0,0.0,3.6,5.699999999999999,16.599999999999998,0.0
2026-09-22 15:00:00+00:00,30.5,2.09,87.1,2.58,268.0,6.16,2.56,910.5,266.0,2.32,265,-0.9886775902323404,15,-0.7071067811865471,-0.7071067811865479,0.0,4.325,5.325,5.7,3.125,2.11,2.08,2.11,2.08,0.0,0.0,97.4,82.9,97.4,82.9,-1.5,-8.800000000000011,0.0,248.0,232.0,248.0,-3.0,6.09,6.03,6.09,-0.0099999999999997,0.0,0.0,0.0,215.0,2.38,2.31,-0.0099999999999997,167.0,151.0,-3.0,0.0,0.0,0.0,0.0,0.0,0.0,0.0,0.0,0.0,0.0,0.0,0.0,0.0,0.0,0.0,0.0,0.0,0.0,0.0,0.0,0.0,0.0,0.0,0.0,0.0,0.0,7.5,7.5,7.5,0.0,0.0,0.0,0.0,0.0,0.0,0.0,27.5,27.5,27.5,0.0,0.0,0.0,0.0,0.0,0.0,0.0,22.900000000000002,22.900000000000002,22.900000000000002,0.0,0.0,0.0,0.0,0.0,0.0,0.0,4.1,5.7,19.6,0.0,0.0,0.0,0.0,0.0,0.0,0.0,3.4,3.8,8.9,0.0,0.0,0.0,0.0,0.0,0.0,0.0,5.7,7.800000000000001,19.1,0.0,0.0,0.0,0.0,0.0,0.0,0.0,4.3,4.8,11.9,0.0,0.0,0.0,0.0,0.0,0.0,0.0,8.6,9.6,16.8,0.0,0.0,0.0,0.0,0.0,0.0,0.0,6.2,6.6000000000000005,14.6,0.0,0.0,0.0,0.0,0.1,0.1,1.7,4.5,4.9,12.9,0.49000000000000005,0.0,0.0,0.0,0.0,0.0,0.0,1.8,1.8,1.8,0.0,0.0,0.0,0.0,0.0,0.0,0.0,1.3,3.4,14.700000000000001,0.0,0.0,0.0,0.0,0.0,0.0,0.0,4.3999999999999995,5.2,13.299999999999999,0.0,0.0,0.0,0.0,0.0,0.0,0.0,1.2,1.2,1.2,0.0,0.0,0.0,0.0,0.0,0.0,0.0,4.9,5.6000000000000005,15.9,0.0,0.0,0.0,0.0,0.0,0.0,0.0,7.0,7.6,16.1,0.0,0.0,0.0,0.0,0.0,0.0,0.0,1.0,1.7000000000000002,22.900000000000002,0.0,0.0,0.0,0.0,0.0,0.0,0.0,3.4000000000000004,5.3,19.5,0.0,0.0,0.0,0.0,0.0,0.0,0.0,15.1,15.7,23.3,0.0,0.0,0.0,0.0,0.0,0.0,0.0,3.6,5.699999999999999,16.599999999999998,0.0
2026-09-22 15:30:00+00:00,29.6,2.08,85.7,2.57,268.0,6.16,2.57,910.4,307.0,2.47,265,-0.9886775902323404,15,-0.7071067811865471,-0.7071067811865479,0.0,4.375,5.375,5.7,3.175,2.11,2.08,2.11,2.08,-0.0099999999999997,-0.0099999999999997,97.4,82.9,97.4,82.9,-1.3999999999999917,-11.700000000000005,0.0,254.0,234.0,254.0,0.0,6.11,6.04,6.11,0.0,0.0,0.0,0.0,218.0,2.38,2.31,-0.0100000000000002,167.0,151.0,-2.0,0.0,0.0,0.0,0.0,0.0,0.0,0.0,0.0,0.0,0.0,0.0,0.0,0.0,0.0,0.0,0.0,0.0,0.0,0.0,0.0,0.0,0.0,0.0,0.0,0.0,0.0,7.5,7.5,7.5,0.0,0.0,0.0,0.0,0.0,0.0,0.0,27.5,27.5,27.5,0.0,0.0,0.0,0.0,0.0,0.0,0.0,22.900000000000002,22.900000000000002,22.900000000000002,0.0,0.0,0.0,0.0,0.0,0.0,0.0,4.1,5.7,19.6,0.0,0.0,0.0,0.0,0.0,0.0,0.0,3.4,3.8,8.9,0.0,0.0,0.0,0.0,0.0,0.0,0.0,5.7,7.800000000000001,19.1,0.0,0.0,0.0,0.0,0.0,0.0,0.0,4.3,4.8,11.9,0.0,0.0,0.0,0.0,0.0,0.0,0.0,8.6,9.6,16.8,0.0,0.0,0.0,0.0,0.0,0.0,0.0,6.2,6.6000000000000005,14.6,0.0,0.0,0.0,0.0,0.1,0.1,1.7,4.5,4.9,12.9,0.49000000000000005,0.0,0.0,0.0,0.0,0.0,0.0,1.8,1.8,1.8,0.0,0.0,0.0,0.0,0.0,0.0,0.0,1.3,3.4,14.700000000000001,0.0,0.0,0.0,0.0,0.0,0.0,0.0,4.3999999999999995,5.2,13.299999999999999,0.0,0.0,0.0,0.0,0.0,0.0,0.0,1.2,1.2,1.2,0.0,0.0,0.0,0.0,0.0,0.0,0.0,4.9,5.6000000000000005,15.9,0.0,0.0,0.0,0.0,0.0,0.0,0.0,7.0,7.6,16.1,0.0,0.0,0.0,0.0,0.0,0.0,0.0,1.0,1.7000000000000002,22.900000000000002,0.0,0.0,0.0,0.0,0.0,0.0,0.0,3.4000000000000004,5.3,19.5,0.0,0.0,0.0,0.0,0.0,0.0,0.0,15.1,15.7,23.3,0.0,0.0,0.0,0.0,0.0,0.0,0.0,3.6,5.699999999999999,16.599999999999998,0.0
2026-09-22 16:00:00+00:00,29.6,2.08,85.7,2.57,266.0,6.15,2.56,910.34,318.0,2.51,265,-0.9886775902323404,16,-0.8660254037844384,-0.5000000000000004,0.0,4.425,5.425,5.7,3.2,2.1,2.08,2.1,2.08,-0.0099999999999997,0.0,99.0,82.9,99.0,82.9,0.0,-10.200000000000005,0.0,263.0,234.0,263.0,-2.0,6.14,6.04,6.14,-0.0099999999999997,0.0,0.0,0.0,215.0,2.38,2.31,-0.0099999999999997,167.0,151.0,-3.0,0.0,0.0,0.0,0.0,0.0,0.0,0.0,0.0,0.0,0.05,0.0,0.0,0.0,0.0,0.0,0.0,0.0,0.0,0.0,0.0,0.0,0.0,0.0,0.0,0.0,0.0,7.5,7.5,7.5,0.0,0.0,0.0,0.0,0.0,0.0,0.0,27.5,27.5,27.5,0.0,0.0,0.0,0.0,0.0,0.0,0.0,22.900000000000002,22.900000000000002,22.900000000000002,0.0,0.0,0.0,0.0,0.0,0.0,0.0,4.1,5.7,19.6,0.0,0.0,0.0,0.0,0.0,0.0,0.0,3.4,3.8,8.9,0.0,0.0,0.0,0.0,0.0,0.0,0.0,5.7,7.800000000000001,19.1,0.0,0.0,0.0,0.0,0.0,0.0,0.0,4.3,4.8,11.9,0.0,0.0,0.0,0.0,0.0,0.0,0.0,8.6,9.6,16.8,0.0,0.0,0.0,0.0,0.0,0.0,0.0,6.2,6.6000000000000005,14.6,0.0,0.0,0.0,0.0,0.15000000000000002,0.15000000000000002,1.75,4.55,4.95,12.95,0.7425000000000002,0.0,0.0,0.0,0.0,0.0,0.0,1.8,1.8,1.8,0.0,0.0,0.0,0.0,0.0,0.0,0.0,1.3,3.4,14.700000000000001,0.0,0.0,0.0,0.0,0.0,0.0,0.0,4.3999999999999995,5.2,13.299999999999999,0.0,0.0,0.0,0.0,0.0,0.0,0.0,1.2,1.2,1.2,0.0,0.0,0.0,0.0,0.0,0.0,0.0,4.9,5.6000000000000005,15.9,0.0,0.0,0.0,0.0,0.0,0.0,0.0,7.0,7.6,16.1,0.0,0.0,0.0,0.0,0.0,0.0,0.0,1.0,1.7000000000000002,22.900000000000002,0.0,0.0,0.0,0.0,0.0,0.0,0.0,3.4000000000000004,5.3,19.5,0.0,0.0,0.0,0.0,0.0,0.0,0.0,15.1,15.7,23.3,0.0,0.0,0.0,0.0,0.0,0.0,0.0,3.6,5.699999999999999,16.599999999999998,0.0
2026-09-22 16:30:00+00:00,29.6,2.08,85.7,2.57,266.0,6.15,2.56,910.3,318.0,2.51,265,-0.9886775902323404,16,-0.8660254037844384,-0.5000000000000004,0.0,4.475,5.475,5.7,3.2,2.1,2.08,2.1,2.08,-0.0099999999999997,0.0,97.4,84.3,97.4,84.3,-1.3999999999999917,-8.700000000000003,0.0,268.0,234.0,268.0,-2.0,6.16,6.04,6.16,-0.0099999999999997,0.0,0.0,0.0,215.0,2.38,2.31,0.0,167.0,151.0,0.0,0.0,0.0,0.0,0.0,0.0,0.0,0.0,0.0,0.0,0.05,0.0,0.0,0.0,0.0,0.0,0.0,0.0,0.0,0.0,0.0,0.0,0.0,0.0,0.0,0.0,0.0,7.5,7.5,7.5,0.0,0.0,0.0,0.0,0.0,0.0,0.0,27.5,27.5,27.5,0.0,0.0,0.0,0.0,0.0,0.0,0.0,22.900000000000002,22.900000000000002,22.900000000000002,0.0,0.0,0.0,0.0,0.0,0.0,0.0,4.1,5.7,19.6,0.0,0.0,0.0,0.0,0.0,0.0,0.0,3.4,3.8,8.9,0.0,0.0,0.0,0.0,0.0,0.0,0.0,5.7,7.800000000000001,19.1,0.0,0.0,0.0,0.0,0.0,0.0,0.0,4.3,4.8,11.9,0.0,0.0,0.0,0.0,0.0,0.0,0.0,8.6,9.6,16.8,0.0,0.0,0.0,0.0,0.0,0.0,0.0,6.2,6.6000000000000005,14.6,0.0,0.0,0.0,0.0,0.25,0.25,1.85,4.65,5.050000000000001,13.05,1.2625000000000002,0.0,0.0,0.0,0.0,0.0,0.0,1.8,1.8,1.8,0.0,0.0,0.0,0.0,0.0,0.0,0.0,1.3,3.4,14.700000000000001,0.0,0.0,0.0,0.0,0.0,0.0,0.0,4.3999999999999995,5.2,13.299999999999999,0.0,0.0,0.0,0.0,0.0,0.0,0.0,1.2,1.2,1.2,0.0,0.0,0.0,0.0,0.0,0.0,0.0,4.9,5.6000000000000005,15.9,0.0,0.0,0.0,0.0,0.0,0.0,0.0,7.0,7.6,16.1,0.0,0.0,0.0,0.0,0.0,0.0,0.0,1.0,1.7000000000000002,22.900000000000002,0.0,0.0,0.0,0.0,0.0,0.0,0.0,3.4000000000000004,5.3,19.5,0.0,0.0,0.0,0.0,0.0,0.0,0.0,15.1,15.7,23.3,0.0,0.0,0.0,0.0,0.0,0.0,0.0,3.6,5.699999999999999,16.599999999999998,0.0
2026-09-22 17:00:00+00:00,28.8,2.07,87.1,2.58,263.0,6.14,2.55,910.27,309.0,2.48,265,-0.9886775902323404,17,-0.9659258262890684,-0.2588190451025206,0.0,4.5,5.5,5.7,3.2,2.1,2.07,2.1,2.07,-0.0100000000000002,-0.0100000000000002,97.4,85.7,97.4,85.7,1.3999999999999917,-5.900000000000006,0.0,271.0,237.0,271.0,-5.0,6.17,6.05,6.17,-0.0200000000000004,0.0,0.0,0.0,212.0,2.39,2.3,-0.02,170.0,148.0,-6.0,0.0,0.0,0.0,0.0,0.0,0.0,0.0,0.0,0.0,0.05,0.0,0.0,0.0,0.0,0.0,0.0,0.0,0.0,0.0,0.0,0.0,0.0,0.0,0.0,0.0,0.0,7.5,7.5,7.5,0.0,0.0,0.0,0.0,0.0,0.0,0.0,27.5,27.5,27.5,0.0,0.0,0.0,0.0,0.0,0.0,0.0,22.900000000000002,22.900000000000002,22.900000000000002,0.0,0.0,0.0,0.0,0.0,0.0,0.0,4.1,5.7,19.6,0.0,0.0,0.0,0.0,0.0,0.0,0.0,3.4,3.8,8.9,0.0,0.0,0.0,0.0,0.0,0.0,0.0,5.7,7.800000000000001,19.1,0.0,0.0,0.0,0.0,0.0,0.0,0.0,4.3,4.8,11.9,0.0,0.0,0.0,0.0,0.0,0.0,0.0,8.6,9.6,16.8,0.0,0.0,0.0,0.0,0.0,0.0,0.0,6.2,6.6000000000000005,14.6,0.0,0.025,0.0,0.0,0.325,0.35000000000000003,1.95,4.75,5.15,13.15,1.8025000000000002,0.0,0.0,0.0,0.0,0.0,0.0,1.8,1.8,1.8,0.0,0.0,0.0,0.0,0.0,0.0,0.0,1.3,3.4,14.700000000000001,0.0,0.0,0.0,0.0,0.0,0.0,0.0,4.3999999999999995,5.2,13.299999999999999,0.0,0.0,0.0,0.0,0.0,0.0,0.0,1.2,1.2,1.2,0.0,0.0,0.0,0.0,0.0,0.0,0.0,4.9,5.6000000000000005,15.9,0.0,0.0,0.0,0.0,0.0,0.0,0.0,7.0,7.6,16.1,0.0,0.0,0.0,0.0,0.0,0.0,0.0,1.0,1.7000000000000002,22.900000000000002,0.0,0.0,0.0,0.0,0.0,0.0,0.0,3.4000000000000004,5.3,19.5,0.0,0.0,0.0,0.0,0.0,0.0,0.0,15.1,15.7,23.3,0.0,0.0,0.0,0.0,0.0,0.0,0.0,3.6,5.699999999999999,16.599999999999998,0.0
2026-09-22 17:30:00+00:00,28.8,2.07,88.6,2.59,266.0,6.15,2.56,910.25,298.0,2.44,265,-0.9886775902323404,17,-0.9659258262890684,-0.2588190451025206,0.0,4.5,5.5,5.7,3.2,2.1,2.07,2.1,2.07,-0.0100000000000002,-0.0100000000000002,97.4,85.7,97.4,85.7,2.8999999999999915,-2.9000000000000057,0.0,274.0,237.0,274.0,0.0,6.18,6.05,6.18,0.0,0.0,0.0,0.0,215.0,2.39,2.32,0.0,170.0,153.0,0.0,0.0,0.0,0.0,0.0,0.0,0.0,0.0,0.0,0.0,0.05,0.0,0.0,0.0,0.0,0.0,0.0,0.0,0.0,0.0,0.0,0.0,0.0,0.0,0.0,0.0,0.0,7.5,7.5,7.5,0.0,0.0,0.0,0.0,0.0,0.0,0.0,27.5,27.5,27.5,0.0,0.0,0.0,0.0,0.0,0.0,0.0,22.900000000000002,22.900000000000002,22.900000000000002,0.0,0.0,0.0,0.0,0.0,0.0,0.0,4.1,5.7,19.6,0.0,0.0,0.0,0.0,0.0,0.0,0.0,3.4,3.8,8.9,0.0,0.0,0.0,0.0,0.0,0.0,0.0,5.7,7.800000000000001,19.1,0.0,0.0,0.0,0.0,0.0,0.0,0.0,4.3,4.8,11.9,0.0,0.0,0.0,0.0,0.0,0.0,0.0,8.6,9.6,16.8,0.0,0.0,0.0,0.0,0.0,0.0,0.0,6.2,6.6000000000000005,14.6,0.0,0.025,0.0,0.0,0.375,0.45,2.05,4.85,5.25,13.25,2.3625000000000003,0.0,0.0,0.0,0.0,0.0,0.0,1.8,1.8,1.8,0.0,0.0,0.0,0.0,0.0,0.0,0.0,1.3,3.4,14.700000000000001,0.0,0.0,0.0,0.0,0.0,0.0,0.0,4.3999999999999995,5.2,13.299999999999999,0.0,0.0,0.0,0.0,0.0,0.0,0.0,1.2,1.2,1.2,0.0,0.0,0.0,0.0,0.0,0.0,0.0,4.9,5.6000000000000005,15.9,0.0,0.0,0.0,0.0,0.0,0.0,0.0,7.0,7.6,16.1,0.0,0.0,0.0,0.0,0.0,0.0,0.0,1.0,1.7000000000000002,22.900000000000002,0.0,0.0,0.0,0.0,0.0,0.0,0.0,3.4000000000000004,5.3,19.5,0.0,0.0,0.0,0.0,0.0,0.0,0.0,15.1,15.7,23.3,0.0,0.0,0.0,0.0,0.0,0.0,0.0,3.6,5.699999999999999,16.599999999999998,0.0
2026-09-22 18:00:00+00:00,28.8,2.07,90.0,2.6,263.0,6.14,2.55,910.23,290.0,2.41,265,-0.9886775902323404,18,-1.0,-1.8369701987210294e-16,0.0,4.5,5.5,5.7,3.2,2.09,2.07,2.09,2.07,-0.0100000000000002,-0.02,99.0,87.1,99.0,87.1,4.299999999999997,-1.5,0.0,274.0,237.0,274.0,-3.0,6.18,6.05,6.18,-0.0100000000000006,0.0,0.0,0.0,212.0,2.41,2.32,-0.0100000000000002,175.0,153.0,-3.0,0.0,0.0,0.0,0.0,0.0,0.0,0.0,0.0,0.0,0.0,0.0,0.0,0.0,0.0,0.0,0.0,0.0,0.0,0.0,0.0,0.0,0.0,0.0,0.0,0.0,0.0,7.5,7.5,7.5,0.0,0.0,0.0,0.0,0.0,0.0,0.0,27.5,27.5,27.5,0.0,0.0,0.0,0.0,0.0,0.0,0.0,22.900000000000002,22.900000000000002,22.900000000000002,0.0,0.0,0.0,0.0,0.0,0.0,0.0,4.1,5.7,19.6,0.0,0.0,0.0,0.0,0.0,0.0,0.0,3.4,3.8,8.9,0.0,0.0,0.0,0.0,0.0,0.0,0.0,5.7,7.800000000000001,19.1,0.0,0.0,0.0,0.0,0.0,0.0,0.0,4.3,4.8,11.9,0.0,0.0,0.0,0.0,0.0,0.0,0.0,8.6,9.6,16.8,0.0,0.0,0.0,0.0,0.0,0.0,0.0,6.2,6.6000000000000005,14.6,0.0,0.0,0.0,0.0,0.4,0.5,2.1,4.9,5.300000000000001,13.3,2.6500000000000004,0.0,0.0,0.0,0.0,0.0,0.0,1.8,1.8,1.8,0.0,0.0,0.0,0.0,0.0,0.0,0.0,1.3,3.4,14.700000000000001,0.0,0.0,0.0,0.0,0.0,0.0,0.0,4.3999999999999995,5.2,13.299999999999999,0.0,0.0,0.0,0.0,0.0,0.0,0.0,1.2,1.2,1.2,0.0,0.0,0.0,0.0,0.0,0.0,0.0,4.9,5.6000000000000005,15.9,0.0,0.0,0.0,0.0,0.0,0.0,0.0,7.0,7.6,16.1,0.0,0.0,0.0,0.0,0.0,0.0,0.0,1.0,1.7000000000000002,22.900000000000002,0.0,0.0,0.0,0.0,0.0,0.0,0.0,3.4000000000000004,5.3,19.5,0.0,0.0,0.0,0.0,0.0,0.0,0.0,15.1,15.7,23.3,0.0,0.0,0.0,0.0,0.0,0.0,0.0,3.6,5.699999999999999,16.599999999999998,0.0
2026-09-22 18:30:00+00:00,28.0,2.06,90.0,2.6,263.0,6.14,2.55,910.23,285.0,2.39,265,-0.9886775902323404,18,-1.0,-1.8369701987210294e-16,0.0,4.5,5.5,5.7,3.2,2.09,2.06,2.09,2.06,-0.0099999999999997,-0.02,95.9,87.1,95.9,87.1,2.9000000000000057,0.0,-0.0099999999999997,278.0,237.0,278.0,0.0,6.19,6.05,6.19,0.0,0.0,0.0,0.0,212.0,2.44,2.33,0.0,182.0,155.0,0.0,0.0,0.0,0.0,0.0,0.0,0.0,0.0,0.0,0.0,0.0,0.0,0.0,0.0,0.0,0.0,0.0,0.0,0.0,0.0,0.0,0.0,0.0,0.0,0.0,0.0,0.0,7.5,7.5,7.5,0.0,0.0,0.0,0.0,0.0,0.0,0.0,27.5,27.5,27.5,0.0,0.0,0.0,0.0,0.0,0.0,0.0,22.900000000000002,22.900000000000002,22.900000000000002,0.0,0.0,0.0,0.0,0.0,0.0,0.0,4.1,5.7,19.6,0.0,0.0,0.0,0.0,0.0,0.0,0.0,3.4,3.8,8.9,0.0,0.0,0.0,0.0,0.0,0.0,0.0,5.7,7.800000000000001,19.1,0.0,0.0,0.0,0.0,0.0,0.0,0.0,4.3,4.8,11.9,0.0,0.0,0.0,0.0,0.0,0.0,0.0,8.6,9.6,16.8,0.0,0.0,0.0,0.0,0.0,0.0,0.0,6.2,6.6000000000000005,14.6,0.0,0.0,0.0,0.0,0.4,0.5,2.1,4.9,5.300000000000001,13.3,2.6500000000000004,0.0,0.0,0.0,0.0,0.0,0.0,1.8,1.8,1.8,0.0,0.0,0.0,0.0,0.0,0.0,0.0,1.3,3.4,14.700000000000001,0.0,0.0,0.0,0.0,0.0,0.0,0.0,4.3999999999999995,5.2,13.299999999999999,0.0,0.0,0.0,0.0,0.0,0.0,0.0,1.2,1.2,1.2,0.0,0.0,0.0,0.0,0.0,0.0,0.0,4.9,5.6000000000000005,15.9,0.0,0.0,0.0,0.0,0.0,0.0,0.0,7.0,7.6,16.1,0.0,0.0,0.0,0.0,0.0,0.0,0.0,1.0,1.7000000000000002,22.900000000000002,0.0,0.0,0.0,0.0,0.0,0.0,0.0,3.4000000000000004,5.3,19.5,0.0,0.0,0.0,0.0,0.0,0.0,0.0,15.1,15.7,23.3,0.0,0.0,0.0,0.0,0.0,0.0,0.0,3.6,5.699999999999999,16.599999999999998,0.0
2026-09-22 19:00:00+00:00,28.0,2.06,88.6,2.59,263.0,6.14,2.56,910.28,256.0,2.28,265,-0.9886775902323404,19,-0.9659258262890684,0.2588190451025203,0.0,4.5,5.5,5.7,3.2,2.09,2.06,2.09,2.06,-0.0099999999999997,-0.0299999999999998,95.9,87.1,95.9,87.1,0.0,0.0,0.0,278.0,240.0,278.0,-3.0,6.19,6.06,6.19,-0.0100000000000006,0.0,0.0,0.0,215.0,2.46,2.34,0.0,188.0,158.0,0.0,0.0,0.0,0.0,0.0,0.0,0.0,0.0,0.0,0.0,0.025,0.0,0.0,0.0,0.0,0.0,0.0,0.0,0.0,0.0,0.0,0.0,0.0,0.0,0.0,0.0,0.0,7.5,7.5,7.5,0.0,0.0,0.0,0.0,0.0,0.0,0.0,27.5,27.5,27.5,0.0,0.0,0.0,0.0,0.0,0.0,0.0,22.900000000000002,22.900000000000002,22.900000000000002,0.0,0.0,0.0,0.0,0.0,0.0,0.0,4.1,5.7,19.6,0.0,0.0,0.0,0.0,0.0,0.0,0.0,3.4,3.8,8.9,0.0,0.0,0.0,0.0,0.0,0.0,0.0,5.7,7.800000000000001,19.1,0.0,0.0,0.0,0.0,0.0,0.0,0.0,4.3,4.8,11.9,0.0,0.0,0.0,0.0,0.0,0.0,0.0,8.6,9.6,16.8,0.0,0.0,0.0,0.0,0.0,0.0,0.0,6.2,6.6000000000000005,14.6,0.0,0.05,0.0,0.0,0.375,0.525,2.1,4.925,5.325,13.325000000000001,2.7956250000000002,0.0,0.0,0.0,0.0,0.0,0.0,1.8,1.8,1.8,0.0,0.0,0.0,0.0,0.0,0.0,0.0,1.3,3.4,14.700000000000001,0.0,0.0,0.0,0.0,0.0,0.0,0.0,4.3999999999999995,5.2,13.299999999999999,0.0,0.0,0.0,0.0,0.0,0.0,0.0,1.2,1.2,1.2,0.0,0.0,0.0,0.0,0.0,0.0,0.0,4.9,5.6000000000000005,15.9,0.0,0.0,0.0,0.0,0.0,0.0,0.0,7.0,7.6,16.1,0.0,0.0,0.0,0.0,0.0,0.0,0.0,1.0,1.7000000000000002,22.900000000000002,0.0,0.0,0.0,0.0,0.0,0.0,0.0,3.4000000000000004,5.3,19.5,0.0,0.0,0.0,0.0,0.0,0.0,0.0,15.1,15.7,23.3,0.0,0.0,0.0,0.0,0.0,0.0,0.0,3.6,5.699999999999999,16.599999999999998,0.0
2026-09-22 19:30:00+00:00,27.2,2.05,90.0,2.6,263.0,6.14,2.55,910.31,244.0,2.23,265,-0.9886775902323404,19,-0.9659258262890684,0.2588190451025203,0.0,4.5,5.5,5.7,3.2,2.09,2.06,2.09,2.06,-0.02,-0.04,95.9,87.1,95.9,87.1,0.0,1.4000000000000057,0.0,274.0,240.0,274.0,0.0,6.18,6.06,6.18,0.0,0.0,0.0,0.0,212.0,2.48,2.35,0.0,193.0,160.0,0.0,0.0,0.0,0.0,0.0,0.0,0.0,0.0,0.0,0.0,0.025,0.0,0.0,0.0,0.0,0.0,0.0,0.0,0.0,0.0,0.0,0.0,0.0,0.0,0.0,0.0,0.0,7.5,7.5,7.5,0.0,0.0,0.0,0.0,0.0,0.0,0.0,27.5,27.5,27.5,0.0,0.0,0.0,0.0,0.0,0.0,0.0,22.900000000000002,22.900000000000002,22.900000000000002,0.0,0.0,0.0,0.0,0.0,0.0,0.0,4.1,5.7,19.6,0.0,0.0,0.0,0.0,0.0,0.0,0.0,3.4,3.8,8.9,0.0,0.0,0.0,0.0,0.0,0.0,0.0,5.7,7.800000000000001,19.1,0.0,0.0,0.0,0.0,0.0,0.0,0.0,4.3,4.8,11.9,0.0,0.0,0.0,0.0,0.0,0.0,0.0,8.6,9.6,16.8,0.0,0.0,0.0,0.0,0.0,0.0,0.0,6.2,6.6000000000000005,14.6,0.0,0.05,0.0,0.0,0.325,0.5750000000000001,2.0999999999999996,4.975,5.375,13.375,3.090625,0.0,0.0,0.0,0.0,0.0,0.0,1.8,1.8,1.8,0.0,0.0,0.0,0.0,0.0,0.0,0.0,1.3,3.4,14.700000000000001,0.0,0.0,0.0,0.0,0.0,0.0,0.0,4.3999999999999995,5.2,13.299999999999999,0.0,0.0,0.0,0.0,0.0,0.0,0.0,1.2,1.2,1.2,0.0,0.0,0.0,0.0,0.0,0.0,0.0,4.9,5.6000000000000005,15.9,0.0,0.0,0.0,0.0,0.0,0.0,0.0,7.0,7.6,16.1,0.0,0.0,0.0,0.0,0.0,0.0,0.0,1.0,1.7000000000000002,22.900000000000002,0.0,0.0,0.0,0.0,0.0,0.0,0.0,3.4000000000000004,5.3,19.5,0.0,0.0,0.0,0.0,0.0,0.0,0.0,15.1,15.7,23.3,0.0,0.0,0.0,0.0,0.0,0.0,0.0,3.6,5.699999999999999,16.599999999999998,0.0
2026-09-22 20:00:00+00:00,27.2,2.05,91.5,2.61,263.0,6.14,2.54,910.34,236.0,2.2,265,-0.9886775902323404,20,-0.8660254037844386,0.5000000000000001,0.0,4.5,5.5,5.7,3.2,2.09,2.06,2.09,2.06,-0.0100000000000002,-0.04,95.9,87.1,95.9,87.1,1.5,4.400000000000006,0.0,278.0,240.0,278.0,0.0,6.19,6.06,6.19,0.0,0.0,0.0,0.0,209.0,2.51,2.35,-0.0099999999999997,201.0,160.0,-3.0,0.0,0.0,0.0,0.0,0.0,0.0,0.0,0.0,0.0,0.025,0.0,0.0,0.0,0.0,0.0,0.0,0.0,0.0,0.0,0.0,0.0,0.0,0.0,0.0,0.0,0.0,7.5,7.5,7.5,0.0,0.0,0.0,0.0,0.0,0.0,0.0,27.5,27.5,27.5,0.0,0.0,0.0,0.0,0.0,0.0,0.0,22.900000000000002,22.900000000000002,22.900000000000002,0.0,0.0,0.0,0.0,0.0,0.0,0.0,4.074999999999999,5.7,19.6,0.0,0.0,0.0,0.0,0.0,0.0,0.0,3.4,3.8,8.9,0.0,0.0,0.0,0.0,0.0,0.0,0.0,5.7,7.775,19.1,0.0,0.0,0.0,0.0,0.0,0.0,0.0,4.3,4.8,11.9,0.0,0.0,0.0,0.0,0.0,0.0,0.0,8.6,9.6,16.8,0.0,0.0,0.0,0.0,0.0,0.0,0.0,6.2,6.575,14.6,0.0,0.05,0.025,0.0,0.275,0.6,2.1,5.025,5.4,13.425,3.24,0.0,0.0,0.0,0.0,0.0,0.0,1.8,1.8,1.8,0.0,0.0,0.0,0.0,0.0,0.0,0.0,1.3,3.375,14.700000000000001,0.0,0.0,0.0,0.0,0.0,0.0,0.0,4.3999999999999995,5.2,13.299999999999999,0.0,0.0,0.0,0.0,0.0,0.0,0.0,1.2,1.2,1.2,0.0,0.0,0.0,0.0,0.0,0.0,0.0,4.9,5.6000000000000005,15.9,0.0,0.0,0.0,0.0,0.0,0.0,0.0,7.0,7.6,16.1,0.0,0.0,0.0,0.0,0.0,0.0,0.0,1.0,1.7000000000000002,22.900000000000002,0.0,0.0,0.0,0.0,0.0,0.0,0.0,3.4000000000000004,5.3,19.5,0.0,0.0,0.0,0.0,0.0,0.0,0.0,15.1,15.7,23.3,0.0,0.0,0.0,0.0,0.0,0.0,0.0,3.6,5.699999999999999,16.599999999999998,0.0
2026-09-22 20:30:00+00:00,26.4,2.04,90.0,2.6,260.0,6.13,2.53,910.35,236.0,2.2,265,-0.9886775902323404,20,-0.8660254037844386,0.5000000000000001,0.0,4.5,5.5,5.7,3.2,2.09,2.06,2.09,2.06,-0.02,-0.0499999999999998,94.4,90.0,94.4,90.0,1.4000000000000057,4.299999999999997,-0.0099999999999997,274.0,240.0,274.0,-3.0,6.18,6.06,6.18,-0.0099999999999997,0.0,0.0,0.0,206.0,2.54,2.35,-0.0300000000000002,209.0,160.0,-9.0,0.0,0.0,0.0,0.0,0.0,0.0,0.0,0.0,0.0,0.025,0.0,0.0,0.0,0.0,0.0,0.0,0.0,0.0,0.0,0.0,0.0,0.0,0.0,0.0,0.0,0.0,7.5,7.5,7.5,0.0,0.0,0.0,0.0,0.0,0.0,0.0,27.5,27.5,27.5,0.0,0.0,0.0,0.0,0.0,0.0,0.0,22.900000000000002,22.900000000000002,22.900000000000002,0.0,0.0,0.0,0.0,0.0,0.0,0.0,4.0249999999999995,5.7,19.6,0.0,0.0,0.0,0.0,0.0,0.0,0.0,3.4,3.8,8.9,0.0,0.0,0.0,0.0,0.0,0.0,0.0,5.7,7.7250000000000005,19.1,0.0,0.0,0.0,0.0,0.0,0.0,0.0,4.3,4.8,11.9,0.0,0.0,0.0,0.0,0.0,0.0,0.0,8.6,9.6,16.8,0.0,0.0,0.0,0.0,0.0,0.0,0.0,6.2,6.525,14.6,0.0,0.05,0.025,0.0,0.22500000000000003,0.6000000000000001,2.1,5.075,5.4,13.475,3.2400000000000007,0.0,0.0,0.0,0.0,0.0,0.0,1.8,1.8,1.8,0.0,0.0,0.0,0.0,0.0,0.0,0.0,1.3,3.325,14.700000000000001,0.0,0.0,0.0,0.0,0.0,0.0,0.0,4.3999999999999995,5.2,13.299999999999999,0.0,0.0,0.0,0.0,0.0,0.0,0.0,1.2,1.2,1.2,0.0,0.0,0.0,0.0,0.0,0.0,0.0,4.9,5.6000000000000005,15.9,0.0,0.0,0.0,0.0,0.0,0.0,0.0,7.0,7.6,16.1,0.0,0.0,0.0,0.0,0.0,0.0,0.0,1.0,1.7000000000000002,22.900000000000002,0.0,0.0,0.0,0.0,0.0,0.0,0.0,3.4000000000000004,5.3,19.5,0.0,0.0,0.0,0.0,0.0,0.0,0.0,15.1,15.7,23.3,0.0,0.0,0.0,0.0,0.0,0.0,0.0,3.6,5.699999999999999,16.599999999999998,0.0
2026-09-22 21:00:00+00:00,26.4,2.04,91.5,2.61,257.0,6.12,2.54,910.36,239.0,2.21,265,-0.9886775902323404,21,-0.7071067811865477,0.7071067811865474,0.0,4.5,5.5,5.7,3.2,2.09,2.06,2.09,2.06,-0.0099999999999997,-0.0499999999999998,95.9,93.0,95.9,93.0,1.5,4.400000000000006,0.0,274.0,240.0,274.0,-6.0,6.18,6.06,6.18,-0.0199999999999995,0.0,0.0,0.0,209.0,2.55,2.36,-0.0099999999999997,212.0,163.0,-3.0,0.0,0.0,0.0,0.0,0.0,0.0,0.0,0.0,0.0,0.025,0.0,0.0,0.0,0.0,0.0,0.0,0.0,0.0,0.0,0.0,0.0,0.0,0.0,0.0,0.0,0.0,7.5,7.5,7.5,0.0,0.0,0.0,0.0,0.0,0.0,0.0,27.5,27.5,27.5,0.0,0.0,0.0,0.0,0.0,0.0,0.0,22.900000000000002,22.900000000000002,22.900000000000002,0.0,0.0,0.0,0.0,0.0,0.0,0.0,3.75,5.7,19.6,0.0,0.0,0.0,0.0,0.0,0.0,0.0,3.4,3.8,8.9,0.0,0.0,0.0,0.0,0.0,0.0,0.0,5.7,7.7,19.1,0.0,0.0,0.0,0.0,0.0,0.0,0.0,4.3,4.8,11.9,0.0,0.0,0.0,0.0,0.0,0.0,0.0,8.6,9.6,16.8,0.0,0.0,0.0,0.0,0.0,0.0,0.0,6.2,6.5,14.6,0.0,0.0,0.0,0.0,0.225,0.6250000000000001,1.925,5.125,5.425,13.525,3.3906250000000004,0.0,0.0,0.0,0.0,0.0,0.0,1.8,1.8,1.8,0.0,0.0,0.0,0.0,0.0,0.0,0.0,1.3,3.3,14.700000000000001,0.0,0.0,0.0,0.0,0.0,0.0,0.0,4.3999999999999995,5.2,13.299999999999999,0.0,0.0,0.0,0.0,0.0,0.0,0.0,1.2,1.2,1.2,0.0,0.0,0.0,0.0,0.0,0.0,0.0,4.3500000000000005,5.6000000000000005,15.9,0.0,0.0,0.0,0.0,0.0,0.0,0.0,7.0,7.6,16.1,0.0,0.0,0.0,0.0,0.0,0.0,0.0,0.775,1.7000000000000002,22.900000000000002,0.0,0.0,0.0,0.0,0.0,0.0,0.0,3.4000000000000004,5.3,19.5,0.0,0.0,0.0,0.0,0.0,0.0,0.0,15.1,15.7,23.3,0.0,0.0,0.0,0.0,0.0,0.0,0.0,3.6,5.699999999999999,16.599999999999998,0.0
2026-09-22 21:30:00+00:00,26.4,2.04,91.5,2.61,254.0,6.11,2.53,910.37,241.0,2.22,265,-0.9886775902323404,21,-0.7071067811865477,0.7071067811865474,0.0,4.5,5.5,5.7,3.2,2.09,2.07,2.09,2.07,-0.0099999999999997,-0.04,97.4,94.4,97.4,94.4,0.0,5.799999999999997,0.0,274.0,243.0,274.0,-9.0,6.18,6.07,6.18,-0.0299999999999993,0.0,0.0,0.0,206.0,2.56,2.37,-0.0100000000000002,215.0,165.0,-3.0,0.0,0.0,0.0,0.0,0.0,0.0,0.0,0.0,0.0,0.025,0.0,0.0,0.0,0.0,0.0,0.0,0.0,0.0,0.0,0.0,0.0,0.0,0.0,0.0,0.0,0.0,7.5,7.5,7.5,0.0,0.0,0.0,0.0,0.0,0.0,0.0,27.5,27.5,27.5,0.0,0.0,0.0,0.0,0.0,0.0,0.0,22.900000000000002,22.900000000000002,22.900000000000002,0.0,0.0,0.0,0.0,0.0,0.0,0.0,3.25,5.7,19.6,0.0,0.0,0.0,0.0,0.0,0.0,0.0,3.4,3.8,8.9,0.0,0.0,0.0,0.0,0.0,0.0,0.0,5.7,7.7,19.1,0.0,0.0,0.0,0.0,0.0,0.0,0.0,4.3,4.8,11.9,0.0,0.0,0.0,0.0,0.0,0.0,0.0,8.6,9.6,16.8,0.0,0.0,0.0,0.0,0.0,0.0,0.0,6.2,6.5,14.6,0.0,0.0,0.0,0.0,0.275,0.675,1.575,5.175,5.475,13.575000000000001,3.695625,0.0,0.0,0.0,0.0,0.0,0.0,1.8,1.8,1.8,0.0,0.0,0.0,0.0,0.0,0.0,0.0,1.3,3.3,14.700000000000001,0.0,0.0,0.0,0.0,0.0,0.0,0.0,4.3999999999999995,5.2,13.299999999999999,0.0,0.0,0.0,0.0,0.0,0.0,0.0,1.2,1.2,1.2,0.0,0.0,0.0,0.0,0.0,0.0,0.0,3.25,5.6000000000000005,15.9,0.0,0.0,0.0,0.0,0.0,0.0,0.0,7.0,7.6,16.1,0.0,0.0,0.0,0.0,0.0,0.0,0.0,0.32499999999999996,1.7000000000000002,22.900000000000002,0.0,0.0,0.0,0.0,0.0,0.0,0.0,3.4000000000000004,5.3,19.5,0.0,0.0,0.0,0.0,0.0,0.0,0.0,15.1,15.7,23.3,0.0,0.0,0.0,0.0,0.0,0.0,0.0,3.6,5.699999999999999,16.599999999999998,0.0
2026-09-22 22:00:00+00:00,25.7,2.03,91.5,2.61,257.0,6.12,2.53,910.3,264.0,2.31,265,-0.9886775902323404,22,-0.5000000000000004,0.8660254037844384,0.0,4.5,5.5,5.7,3.2,2.08,2.07,2.08,2.07,-0.0100000000000002,-0.0500000000000002,95.9,95.9,95.9,95.9,1.5,5.799999999999997,0.0,274.0,243.0,274.0,-3.0,6.18,6.07,6.18,-0.0099999999999997,0.0,0.0,0.0,206.0,2.56,2.37,0.0,215.0,165.0,0.0,0.0,0.0,0.0,0.0,0.0,0.0,0.0,0.0,0.0,0.0,0.0,0.0,0.0,0.0,0.0,0.0,0.0,0.0,0.0,0.0,0.0,0.0,0.0,0.0,0.0,0.0,7.5,7.5,7.5,0.0,0.0,0.0,0.0,0.0,0.0,0.0,27.5,27.5,27.5,0.0,0.0,0.0,0.0,0.0,0.0,0.0,22.900000000000002,22.900000000000002,22.900000000000002,0.0,0.0,0.0,0.0,0.0,0.0,0.0,2.975,5.7,19.6,0.0,0.0,0.0,0.0,0.0,0.0,0.0,2.8,3.8,8.9,0.0,0.0,0.0,0.0,0.0,0.0,0.0,5.575,7.7,19.1,0.0,0.0,0.0,0.0,0.0,0.0,0.0,3.925,4.8,11.9,0.0,0.0,0.0,0.0,0.0,0.0,0.0,8.6,9.6,16.8,0.0,0.0,0.0,0.0,0.0,0.0,0.0,6.15,6.5,14.6,0.0,0.025,0.05,0.0,0.275,0.65,1.25,5.15,5.5,13.6,3.575,0.0,0.0,0.0,0.0,0.0,0.0,1.8,1.8,1.8,0.0,0.0,0.0,0.0,0.0,0.0,0.0,1.175,3.3,14.700000000000001,0.0,0.0,0.0,0.0,0.0,0.0,0.0,3.8,5.2,13.299999999999999,0.0,0.0,0.0,0.0,0.0,0.0,0.0,1.2,1.2,1.2,0.0,0.0,0.0,0.0,0.0,0.0,0.0,2.4000000000000004,5.6000000000000005,15.9,0.0,0.0,0.0,0.0,0.0,0.0,0.0,5.95,7.6,16.1,0.0,0.0,0.0,0.0,0.0,0.0,0.0,0.07500000000000001,1.7000000000000002,22.900000000000002,0.0,0.0,0.0,0.0,0.0,0.0,0.0,2.875,5.3,19.5,0.0,0.0,0.0,0.0,0.0,0.0,0.0,14.775,15.7,23.3,0.0,0.0,0.0,0.0,0.0,0.0,0.0,3.45,5.699999999999999,16.599999999999998,0.0
2026-09-22 22:30:00+00:00,25.7,2.03,91.5,2.61,257.0,6.12,2.53,910.22,293.0,2.42,265,-0.9886775902323404,22,-0.5000000000000004,0.8660254037844384,0.0,4.5,5.5,5.7,3.2,2.08,2.08,2.08,2.08,-0.0100000000000002,-0.0500000000000002,94.4,95.9,94.4,95.9,0.0,5.799999999999997,0.0,274.0,240.0,274.0,0.0,6.18,6.06,6.18,0.0,0.0,0.0,0.0,206.0,2.56,2.38,-0.0100000000000002,215.0,167.0,-3.0,0.0,0.0,0.0,0.0,0.0,0.0,0.0,0.0,0.0,0.0,0.0,0.0,0.0,0.0,0.0,0.0,0.0,0.0,0.0,0.0,0.0,0.0,0.0,0.0,0.0,0.0,7.5,7.5,7.5,0.0,0.0,0.0,0.0,0.0,0.0,0.0,27.5,27.5,27.5,0.0,0.0,0.0,0.0,0.0,0.0,0.0,22.900000000000002,22.900000000000002,22.900000000000002,0.0,0.0,0.0,0.0,0.0,0.0,0.0,2.9250000000000003,5.7,19.6,0.0,0.0,0.0,0.0,0.0,0.0,0.0,1.6,3.8,8.9,0.0,0.0,0.0,0.0,0.0,0.0,0.0,5.325,7.7,19.1,0.0,0.0,0.0,0.0,0.0,0.0,0.0,3.175,4.8,11.9,0.0,0.0,0.0,0.0,0.0,0.0,0.0,8.6,9.6,16.8,0.0,0.0,0.0,0.0,0.0,0.0,0.0,6.05,6.5,14.6,0.0,0.025,0.05,0.0,0.225,0.55,0.9500000000000001,5.05,5.5,13.6,3.0250000000000004,0.0,0.0,0.0,0.0,0.0,0.0,1.8,1.8,1.8,0.0,0.0,0.0,0.0,0.0,0.0,0.0,0.925,3.3,14.700000000000001,0.0,0.0,0.0,0.0,0.0,0.0,0.0,2.6,5.2,13.299999999999999,0.0,0.0,0.0,0.0,0.0,0.0,0.0,1.2,1.2,1.2,0.0,0.0,0.0,0.0,0.0,0.0,0.0,1.8,5.6000000000000005,15.9,0.0,0.0,0.0,0.0,0.0,0.0,0.0,3.8499999999999996,7.6,16.1,0.0,0.0,0.0,0.0,0.0,0.0,0.0,0.025,1.7000000000000002,22.900000000000002,0.0,0.0,0.0,0.0,0.0,0.0,0.0,1.825,5.3,19.5,0.0,0.0,0.0,0.0,0.0,0.0,0.0,14.125,15.7,23.3,0.0,0.0,0.0,0.0,0.0,0.0,0.0,3.15,5.699999999999999,16.599999999999998,0.0
2026-09-22 23:00:00+00:00,25.7,2.03,90.0,2.6,254.0,6.11,2.53,910.16,304.0,2.46,265,-0.9886775902323404,23,-0.2588190451025215,0.965925826289068,0.0,4.5,5.5,5.7,3.2,2.08,2.08,2.08,2.08,-0.0100000000000002,-0.04,93.0,95.9,93.0,95.9,-1.5,2.9000000000000057,0.0,274.0,240.0,274.0,0.0,6.18,6.06,6.18,0.0,0.0,0.0,0.0,206.0,2.57,2.38,0.0,218.0,167.0,0.0,0.0,0.0,0.0,0.0,0.0,0.0,0.0,0.0,0.0,0.0,0.0,0.0,0.0,0.0,0.0,0.0,0.0,0.0,0.0,0.0,0.0,0.0,0.0,0.0,0.0,0.0,7.5,7.5,7.5,0.0,0.0,0.0,0.0,0.0,0.0,0.0,27.5,27.5,27.5,0.0,0.0,0.0,0.0,0.0,0.0,0.0,22.900000000000002,22.900000000000002,22.900000000000002,0.0,0.0,0.0,0.0,0.0,0.0,0.0,2.9,5.7,19.6,0.0,0.0,0.0,0.0,0.0,0.0,0.0,0.95,3.8,8.9,0.0,0.0,0.0,0.0,0.0,0.0,0.0,5.125,7.7,19.1,0.0,0.0,0.0,0.0,0.0,0.0,0.0,2.7249999999999996,4.8,11.9,0.0,0.0,0.0,0.0,0.0,0.0,0.0,8.525,9.6,16.8,0.0,0.0,0.0,0.0,0.0,0.0,0.0,5.925,6.5,14.6,0.0,0.025,0.05,0.0,0.17500000000000002,0.45,0.8,4.925,5.5,13.6,2.475,0.0,0.0,0.0,0.0,0.0,0.0,1.8,1.8,1.8,0.0,0.0,0.0,0.0,0.0,0.0,0.0,0.7250000000000001,3.3,14.700000000000001,0.0,0.0,0.0,0.0,0.0,0.0,0.0,1.9249999999999998,5.2,13.299999999999999,0.0,0.0,0.0,0.0,0.0,0.0,0.0,1.2,1.2,1.2,0.0,0.0,0.0,0.0,0.0,0.0,0.0,1.475,5.6000000000000005,15.9,0.0,0.0,0.0,0.0,0.0,0.0,0.0,2.75,7.6,16.1,0.0,0.0,0.0,0.0,0.0,0.0,0.0,0.0,1.7000000000000002,22.900000000000002,0.0,0.0,0.0,0.0,0.0,0.0,0.0,1.2750000000000001,5.3,19.5,0.0,0.0,0.0,0.0,0.0,0.0,0.0,13.775,15.7,23.3,0.0,0.0,0.0,0.0,0.0,0.0,0.0,3.0,5.699999999999999,16.599999999999998,0.0
2026-09-22 23:30:00+00:00,25.7,2.03,90.0,2.6,254.0,6.11,2.52,910.07,318.0,2.51,265,-0.9886775902323404,23,-0.2588190451025215,0.965925826289068,0.0,4.5,5.5,5.7,3.2,2.08,2.08,2.08,2.08,0.0,-0.04,91.5,97.4,91.5,97.4,-1.5,1.4000000000000057,0.0,271.0,240.0,271.0,-3.0,6.17,6.06,6.17,-0.0099999999999997,0.0,0.0,0.0,204.0,2.58,2.39,-0.0099999999999997,220.0,170.0,-2.0,0.0,0.0,0.0,0.0,0.0,0.0,0.0,0.0,0.0,0.0,0.0,0.0,0.0,0.0,0.0,0.0,0.0,0.0,0.0,0.0,0.0,0.0,0.0,0.0,0.0,0.0,7.5,7.5,7.5,0.0,0.0,0.0,0.0,0.0,0.0,0.0,27.5,27.5,27.5,0.0,0.0,0.0,0.0,0.0,0.0,0.0,22.900000000000002,22.900000000000002,22.900000000000002,0.0,0.0,0.0,0.0,0.0,0.0,0.0,2.9,5.7,19.6,0.0,0.0,0.0,0.0,0.0,0.0,0.0,0.85,3.8,8.9,0.0,0.0,0.0,0.0,0.0,0.0,0.0,4.9750000000000005,7.7,19.1,0.0,0.0,0.0,0.0,0.0,0.0,0.0,2.5749999999999997,4.8,11.9,0.0,0.0,0.0,0.0,0.0,0.0,0.0,8.375,9.6,16.8,0.0,0.0,0.0,0.0,0.0,0.0,0.0,5.775,6.5,14.6,0.0,0.025,0.05,0.0,0.125,0.35000000000000003,0.8,4.775,5.5,13.6,1.9250000000000003,0.0,0.0,0.0,0.0,0.0,0.0,1.8,1.8,1.8,0.0,0.0,0.0,0.0,0.0,0.0,0.0,0.5750000000000001,3.3,14.700000000000001,0.0,0.0,0.0,0.0,0.0,0.0,0.0,1.7749999999999997,5.2,13.299999999999999,0.0,0.0,0.0,0.0,0.0,0.0,0.0,1.2,1.2,1.2,0.0,0.0,0.0,0.0,0.0,0.0,0.0,1.425,5.6000000000000005,15.9,0.0,0.0,0.0,0.0,0.0,0.0,0.0,2.65,7.6,16.1,0.0,0.0,0.0,0.0,0.0,0.0,0.0,0.0,1.7000000000000002,22.900000000000002,0.0,0.0,0.0,0.0,0.0,0.0,0.0,1.225,5.3,19.5,0.0,0.0,0.0,0.0,0.0,0.0,0.0,13.725,15.7,23.3,0.0,0.0,0.0,0.0,0.0,0.0,0.0,3.0,5.699999999999999,16.599999999999998,0.0
2026-09-23 00:00:00+00:00,25.7,2.03,90.0,2.6,251.0,6.1,2.51,909.98,327.0,2.54,266,-0.9911140639934546,0,0.0,1.0,0.0,4.5,5.5,5.7,3.2,2.09,2.09,2.09,2.09,0.0,-0.04,91.5,97.4,91.5,97.4,-1.5,0.0,0.0,271.0,240.0,271.0,-6.0,6.17,6.06,6.17,-0.0200000000000004,0.0,0.0,0.0,201.0,2.57,2.39,-0.02,218.0,170.0,-5.0,0.0,0.0,0.0,0.0,0.0,0.0,0.0,0.0,0.0,0.0,0.0,0.0,0.0,0.0,0.0,0.0,0.0,0.0,0.0,0.0,0.0,0.0,0.0,0.0,0.0,0.0,7.5,7.5,7.5,0.0,0.0,0.0,0.0,0.0,0.0,0.0,27.5,27.5,27.5,0.0,0.0,0.0,0.0,0.0,0.0,0.0,22.900000000000002,22.900000000000002,22.900000000000002,0.0,0.0,0.0,0.0,0.0,0.0,0.0,2.9,5.7,19.6,0.0,0.0,0.0,0.0,0.0,0.0,0.0,0.8,3.8,8.9,0.0,0.0,0.0,0.0,0.0,0.0,0.0,4.9,7.7,19.1,0.0,0.0,0.0,0.0,0.0,0.0,0.0,2.5,4.8,11.9,0.0,0.0,0.0,0.0,0.0,0.0,0.0,8.299999999999999,9.6,16.8,0.0,0.0,0.0,0.0,0.0,0.0,0.0,5.7,6.5,14.6,0.0,0.025,0.0,0.0,0.07500000000000001,0.30000000000000004,0.8,4.7,5.5,13.6,1.6500000000000004,0.0,0.0,0.0,0.0,0.0,0.0,1.8,1.8,1.8,0.0,0.0,0.0,0.0,0.0,0.0,0.0,0.5,3.3,14.700000000000001,0.0,0.0,0.0,0.0,0.0,0.0,0.0,1.6999999999999997,5.2,13.299999999999999,0.0,0.0,0.0,0.0,0.0,0.0,0.0,1.2,1.2,1.2,0.0,0.0,0.0,0.0,0.0,0.0,0.0,1.4,5.6000000000000005,15.9,0.0,0.0,0.0,0.0,0.0,0.0,0.0,2.5999999999999996,7.6,16.1,0.0,0.0,0.0,0.0,0.0,0.0,0.0,0.0,1.7000000000000002,22.900000000000002,0.0,0.0,0.0,0.0,0.0,0.0,0.0,1.2,5.3,19.5,0.0,0.0,0.0,0.0,0.0,0.0,0.0,13.7,15.7,23.3,0.0,0.0,0.0,0.0,0.0,0.0,0.0,3.0,5.699999999999999,16.599999999999998,0.0
2026-09-23 00:30:00+00:00,25.7,2.03,90.0,2.6,251.0,6.1,2.51,910.04,282.0,2.38,266,-0.9911140639934546,0,0.0,1.0,0.0,4.5,5.5,5.7,3.2,2.08,2.09,2.08,2.09,0.0,-0.0300000000000002,90.0,97.4,90.0,97.4,0.0,0.0,0.0,271.0,237.0,271.0,-3.0,6.17,6.05,6.17,-0.0100000000000006,0.0,0.0,0.0,201.0,2.57,2.39,-0.02,218.0,170.0,-5.0,0.0,0.0,0.0,0.0,0.0,0.0,0.0,0.0,0.0,0.0,0.0,0.0,0.0,0.0,0.0,0.0,0.0,0.0,0.0,0.0,0.0,0.0,0.0,0.0,0.0,0.0,1.6,7.5,7.5,0.0,0.0,0.0,0.0,0.0,0.0,0.0,4.5,27.5,27.5,0.0,0.0,0.0,0.0,0.0,0.0,0.0,0.6,22.900000000000002,22.900000000000002,0.0,0.0,0.0,0.0,0.0,0.0,0.0,0.1,5.7,19.6,0.0,0.0,0.0,0.0,0.0,0.0,0.0,0.6,3.8,8.9,0.0,0.0,0.0,0.0,0.0,0.0,0.0,4.9,7.7,19.1,0.0,0.0,0.0,0.0,0.0,0.0,0.0,2.4,4.8,11.9,0.0,0.0,0.0,0.0,0.0,0.0,0.0,8.299999999999999,9.6,16.8,0.0,0.0,0.0,0.0,0.0,0.0,0.0,5.7,6.5,14.6,0.0,0.025,0.0,0.0,0.025,0.30000000000000004,0.8,4.7,5.5,13.6,1.6500000000000004,0.0,0.0,0.0,0.0,0.0,0.0,1.7,1.8,1.8,0.0,0.0,0.0,0.0,0.0,0.0,0.0,0.4,3.3,14.700000000000001,0.0,0.0,0.0,0.0,0.0,0.0,0.0,0.4,5.2,13.299999999999999,0.0,0.0,0.0,0.0,0.0,0.0,0.0,0.7,1.2,1.2,0.0,0.0,0.0,0.0,0.0,0.0,0.0,0.6000000000000001,5.6000000000000005,15.9,0.0,0.0,0.0,0.0,0.0,0.0,0.0,0.30000000000000004,7.6,16.1,0.0,0.0,0.0,0.0,0.0,0.0,0.0,0.0,1.7000000000000002,22.900000000000002,0.0,0.0,0.0,0.0,0.0,0.0,0.0,0.0,5.3,19.5,0.0,0.0,0.0,0.0,0.0,0.0,0.0,13.7,15.7,23.3,0.0,0.0,0.0,0.0,0.0,0.0,0.0,3.0,5.699999999999999,16.599999999999998,0.0
2026-09-23 01:00:00+00:00,25.7,2.03,91.5,2.61,251.0,6.1,2.5,910.18,224.0,2.15,266,-0.9911140639934546,1,0.2588190451025207,0.9659258262890684,0.0,4.5,5.5,5.7,3.2,2.09,2.1,2.09,2.1,0.0,-0.0300000000000002,88.6,97.4,88.6,97.4,1.5,2.9000000000000057,0.0,271.0,237.0,271.0,-3.0,6.17,6.05,6.17,-0.0100000000000006,0.0,0.0,0.0,198.0,2.57,2.39,-0.02,218.0,170.0,-6.0,0.0,0.0,0.0,0.0,0.0,0.0,0.0,0.0,0.0,0.0,0.0,0.0,0.0,0.0,0.0,0.0,0.0,0.0,0.0,0.0,0.0,0.0,0.0,0.0,0.0,0.0,0.0,7.5,7.5,0.0,0.0,0.0,0.0,0.0,0.0,0.0,0.1,27.5,27.5,0.0,0.0,0.0,0.0,0.0,0.0,0.0,0.1,22.900000000000002,22.900000000000002,0.0,0.0,0.0,0.0,0.0,0.0,0.0,0.0,5.7,19.6,0.0,0.0,0.0,0.0,0.0,0.0,0.0,0.6,3.8,8.9,0.0,0.0,0.0,0.0,0.0,0.0,0.0,4.9,7.7,19.1,0.0,0.0,0.0,0.0,0.0,0.0,0.0,2.4,4.8,11.9,0.0,0.0,0.0,0.0,0.0,0.0,0.0,8.299999999999999,9.6,16.8,0.0,0.0,0.0,0.0,0.0,0.0,0.0,5.7,6.5,14.6,0.0,0.0,0.025,0.0,0.0,0.275,0.8,4.7,5.5,13.6,1.5125000000000002,0.0,0.0,0.0,0.0,0.0,0.0,1.7,1.8,1.8,0.0,0.0,0.0,0.0,0.0,0.0,0.0,0.4,3.3,14.700000000000001,0.0,0.0,0.0,0.0,0.0,0.0,0.0,0.1,5.2,13.299999999999999,0.0,0.0,0.0,0.0,0.0,0.0,0.0,0.2,1.2,1.2,0.0,0.0,0.0,0.0,0.0,0.0,0.0,0.2,5.6000000000000005,15.9,0.0,0.0,0.0,0.0,0.0,0.0,0.0,0.2,7.6,16.1,0.0,0.0,0.0,0.0,0.0,0.0,0.0,0.0,1.7000000000000002,22.900000000000002,0.0,0.0,0.0,0.0,0.0,0.0,0.0,0.0,5.3,19.5,0.0,0.0,0.0,0.0,0.0,0.0,0.0,13.7,15.7,23.3,0.0,0.0,0.0,0.0,0.0,0.0,0.0,3.0,5.699999999999999,16.599999999999998,0.0
2026-09-23 01:30:00+00:00,25.7,2.03,93.0,2.62,251.0,6.1,2.49,910.27,196.0,2.02,266,-0.9911140639934546,1,0.2588190451025207,0.9659258262890684,0.0,4.5,5.5,5.7,3.2,2.09,2.1,2.09,2.1,0.0,-0.02,88.6,97.4,88.6,97.4,3.0,3.0,0.0,271.0,237.0,271.0,0.0,6.17,6.05,6.17,0.0,0.0,0.0,0.0,196.0,2.57,2.39,-0.0199999999999995,218.0,170.0,-5.0,0.0,0.0,0.0,0.0,0.0,0.0,0.0,0.0,0.0,0.0,0.0,0.0,0.0,0.0,0.0,0.0,0.0,0.0,0.0,0.0,0.0,0.0,0.0,0.0,0.0,0.0,0.0,7.5,7.5,0.0,0.0,0.0,0.0,0.0,0.0,0.0,0.0,27.5,27.5,0.0,0.0,0.0,0.0,0.0,0.0,0.0,0.0,22.900000000000002,22.900000000000002,0.0,0.0,0.0,0.0,0.0,0.0,0.0,0.0,5.7,19.6,0.0,0.0,0.0,0.0,0.0,0.0,0.0,0.0,3.8,8.9,0.0,0.0,0.0,0.0,0.0,0.0,0.0,0.4,7.7,19.1,0.0,0.0,0.0,0.0,0.0,0.0,0.0,0.0,4.8,11.9,0.0,0.0,0.0,0.0,0.0,0.0,0.0,5.5,9.6,16.8,0.0,0.0,0.0,0.0,0.0,0.0,0.0,0.0,6.5,14.6,0.0,0.0,0.025,0.0,0.0,0.225,0.8,4.7,5.5,13.6,1.2375,0.0,0.0,0.0,0.0,0.0,0.0,0.8,1.8,1.8,0.0,0.0,0.0,0.0,0.0,0.0,0.0,0.1,3.3,14.700000000000001,0.0,0.0,0.0,0.0,0.0,0.0,0.0,0.1,5.2,13.299999999999999,0.0,0.0,0.0,0.0,0.0,0.0,0.0,0.0,1.2,1.2,0.0,0.0,0.0,0.0,0.0,0.0,0.0,0.0,5.6000000000000005,15.9,0.0,0.0,0.0,0.0,0.0,0.0,0.0,0.1,7.6,16.1,0.0,0.0,0.0,0.0,0.0,0.0,0.0,0.0,1.7000000000000002,22.900000000000002,0.0,0.0,0.0,0.0,0.0,0.0,0.0,0.0,5.3,19.5,0.0,0.0,0.0,0.0,0.0,0.0,0.0,1.6,15.7,23.3,0.0,0.0,0.0,0.0,0.0,0.0,0.0,2.4,5.699999999999999,16.599999999999998,0.0
2026-09-23 02:00:00+00:00,26.4,2.04,91.5,2.61,248.0,6.09,2.48,910.35,185.0,1.97,266,-0.9911140639934546,2,0.4999999999999999,0.8660254037844387,0.0,4.5,5.5,5.7,3.2,2.09,2.1,2.09,2.1,0.0100000000000002,-0.0099999999999997,87.1,97.4,87.1,97.4,1.5,0.0,0.0,268.0,240.0,268.0,-3.0,6.16,6.06,6.16,-0.0099999999999997,0.0,0.0,0.0,193.0,2.58,2.38,-0.0299999999999998,220.0,167.0,-8.0,0.0,0.0,0.0,0.0,0.0,0.0,0.0,0.0,0.0,0.0,0.0,0.0,0.0,0.0,0.0,0.0,0.0,0.0,0.0,0.0,0.0,0.0,0.0,0.0,0.0,0.0,0.0,7.5,7.5,0.0,0.0,0.0,0.0,0.0,0.0,0.0,0.0,27.5,27.5,0.0,0.0,0.0,0.0,0.0,0.0,0.0,0.0,22.900000000000002,22.900000000000002,0.0,0.0,0.0,0.0,0.0,0.0,0.0,0.0,5.7,19.6,0.0,0.0,0.0,0.0,0.0,0.0,0.0,0.0,3.8,8.9,0.0,0.0,0.0,0.0,0.0,0.0,0.0,0.4,7.7,19.1,0.0,0.0,0.0,0.0,0.0,0.0,0.0,0.0,4.8,11.9,0.0,0.0,0.0,0.0,0.0,0.0,0.0,0.5,9.6,16.8,0.0,0.0,0.0,0.0,0.0,0.0,0.0,0.0,6.5,14.6,0.0,0.0,0.025,0.025,0.0,0.17500000000000002,0.8,4.7,5.5,13.6,0.9625000000000001,0.0,0.0,0.0,0.0,0.0,0.0,0.0,1.8,1.8,0.0,0.0,0.0,0.0,0.0,0.0,0.0,0.1,3.3,14.700000000000001,0.0,0.0,0.0,0.0,0.0,0.0,0.0,0.1,5.2,13.299999999999999,0.0,0.0,0.0,0.0,0.0,0.0,0.0,0.0,1.2,1.2,0.0,0.0,0.0,0.0,0.0,0.0,0.0,0.0,5.6000000000000005,15.9,0.0,0.0,0.0,0.0,0.0,0.0,0.0,0.1,7.6,16.1,0.0,0.0,0.0,0.0,0.0,0.0,0.0,0.0,1.7000000000000002,22.900000000000002,0.0,0.0,0.0,0.0,0.0,0.0,0.0,0.0,5.3,19.5,0.0,0.0,0.0,0.0,0.0,0.0,0.0,0.1,15.7,23.3,0.0,0.0,0.0,0.0,0.0,0.0,0.0,0.1,5.699999999999999,16.599999999999998,0.0
2026-09-23 03:30:00+00:00,26.4,2.04,91.5,2.61,248.0,6.09,2.47,910.47,193.0,2.01,266,-0.9911140639934546,3,0.7071067811865475,0.7071067811865476,0.0,4.5,5.5,5.7,3.2,2.08,2.11,2.08,2.11,0.0,0.0,85.7,97.4,85.7,97.4,0.0,0.0,0.0,268.0,254.0,268.0,0.0,6.16,6.11,6.16,0.0,0.0,0.0,0.0,190.0,2.57,2.38,-0.0099999999999997,218.0,167.0,-3.0,0.0,0.0,0.0,0.0,0.0,0.0,0.0,0.0,0.0,0.0,0.0,0.0,0.0,0.0,0.0,0.0,0.0,0.0,0.0,0.0,0.0,0.0,0.0,0.0,0.0,0.0,0.0,7.5,7.5,0.0,0.0,0.0,0.0,0.0,0.0,0.0,0.0,27.5,27.5,0.0,0.0,0.0,0.0,0.0,0.0,0.0,0.0,22.900000000000002,22.900000000000002,0.0,0.0,0.0,0.0,0.0,0.0,0.0,0.0,5.7,19.6,0.0,0.0,0.0,0.0,0.0,0.0,0.0,0.0,3.8,8.9,0.0,0.0,0.0,0.0,0.0,0.0,0.0,0.4,7.7,19.1,0.0,0.0,0.0,0.0,0.0,0.0,0.0,0.0,4.8,11.9,0.0,0.0,0.0,0.0,0.0,0.0,0.0,0.5,9.6,16.8,0.0,0.0,0.0,0.0,0.0,0.0,0.0,0.0,6.5,14.6,0.0,0.0,0.025,0.0,0.0,0.025,0.8,4.55,5.5,13.6,0.1375,0.0,0.0,0.0,0.0,0.0,0.0,0.0,1.8,1.8,0.0,0.0,0.0,0.0,0.0,0.0,0.0,0.1,3.3,14.700000000000001,0.0,0.0,0.0,0.0,0.0,0.0,0.0,0.1,5.2,13.299999999999999,0.0,0.0,0.0,0.0,0.0,0.0,0.0,0.0,1.2,1.2,0.0,0.0,0.0,0.0,0.0,0.0,0.0,0.0,5.6000000000000005,15.9,0.0,0.0,0.0,0.0,0.0,0.0,0.0,0.1,7.6,16.1,0.0,0.0,0.0,0.0,0.0,0.0,0.0,0.0,1.7000000000000002,22.900000000000002,0.0,0.0,0.0,0.0,0.0,0.0,0.0,0.0,5.3,19.5,0.0,0.0,0.0,0.0,0.0,0.0,0.0,0.1,15.7,23.3,0.0,0.0,0.0,0.0,0.0,0.0,0.0,0.1,5.699999999999999,16.599999999999998,0.0
2026-09-23 04:00:00+00:00,26.4,2.04,93.0,2.62,248.0,6.09,2.46,910.49,202.0,2.05,266,-0.9911140639934546,4,0.8660254037844386,0.5000000000000001,0.0,4.5,5.5,5.7,3.2,2.08,2.1,2.08,2.1,0.0,0.0100000000000002,85.7,99.0,85.7,99.0,0.0,1.5,0.0,266.0,263.0,266.0,0.0,6.15,6.14,6.15,0.0,0.0,0.0,0.0,188.0,2.56,2.38,-0.0100000000000002,215.0,167.0,-2.0,0.0,0.0,0.0,0.0,0.0,0.0,0.0,0.0,0.0,0.0,0.0,0.0,0.0,0.0,0.0,0.0,0.0,0.0,0.0,0.0,0.0,0.0,0.0,0.0,0.0,0.0,0.0,7.5,7.5,0.0,0.0,0.0,0.0,0.0,0.0,0.0,0.0,27.5,27.5,0.0,0.0,0.0,0.0,0.0,0.0,0.0,0.0,22.900000000000002,22.900000000000002,0.0,0.0,0.0,0.0,0.0,0.0,0.0,0.0,5.7,19.6,0.0,0.0,0.0,0.0,0.0,0.0,0.0,0.0,3.8,8.9,0.0,0.0,0.0,0.0,0.0,0.0,0.0,0.4,7.7,19.1,0.0,0.0,0.0,0.0,0.0,0.0,0.0,0.0,4.8,11.9,0.0,0.0,0.0,0.0,0.0,0.0,0.0,0.5,9.6,16.8,0.0,0.0,0.0,0.0,0.0,0.0,0.0,0.0,6.5,14.6,0.0,0.0,0.0,0.05,0.0,0.0,0.8,4.5,5.5,13.6,0.0,0.0,0.0,0.0,0.0,0.0,0.0,0.0,1.8,1.8,0.0,0.0,0.0,0.0,0.0,0.0,0.0,0.1,3.3,14.700000000000001,0.0,0.0,0.0,0.0,0.0,0.0,0.0,0.1,5.2,13.299999999999999,0.0,0.0,0.0,0.0,0.0,0.0,0.0,0.0,1.2,1.2,0.0,0.0,0.0,0.0,0.0,0.0,0.0,0.0,5.6000000000000005,15.9,0.0,0.0,0.0,0.0,0.0,0.0,0.0,0.1,7.6,16.1,0.0,0.0,0.0,0.0,0.0,0.0,0.0,0.0,1.7000000000000002,22.900000000000002,0.0,0.0,0.0,0.0,0.0,0.0,0.0,0.0,5.3,19.5,0.0,0.0,0.0,0.0,0.0,0.0,0.0,0.1,15.7,23.3,0.0,0.0,0.0,0.0,0.0,0.0,0.0,0.1,5.699999999999999,16.599999999999998,0.0
2026-09-23 04:30:00+00:00,27.2,2.05,93.0,2.62,248.0,6.09,2.46,910.5,209.0,2.08,266,-0.9911140639934546,4,0.8660254037844386,0.5000000000000001,0.0,4.5,5.5,5.7,3.2,2.08,2.1,2.08,2.1,0.0099999999999997,0.02,85.7,97.4,85.7,97.4,0.0,1.5,0.0,266.0,268.0,266.0,0.0,6.15,6.16,6.15,0.0,0.0,0.0,0.0,188.0,2.56,2.38,-0.0100000000000002,215.0,167.0,-2.0,0.0,0.0,0.0,0.0,0.0,0.0,0.0,0.0,0.0,0.0,0.0,0.0,0.0,0.0,0.0,0.0,0.0,0.0,0.0,0.0,0.0,0.0,0.0,0.0,0.0,0.0,0.0,7.5,7.5,0.0,0.0,0.0,0.0,0.0,0.0,0.0,0.0,27.5,27.5,0.0,0.0,0.0,0.0,0.0,0.0,0.0,0.0,22.900000000000002,22.900000000000002,0.0,0.0,0.0,0.0,0.0,0.0,0.0,0.0,5.7,19.6,0.0,0.0,0.0,0.0,0.0,0.0,0.0,0.0,3.8,8.9,0.0,0.0,0.0,0.0,0.0,0.0,0.0,0.4,7.7,19.1,0.0,0.0,0.0,0.0,0.0,0.0,0.0,0.0,4.8,11.9,0.0,0.0,0.0,0.0,0.0,0.0,0.0,0.5,9.6,16.8,0.0,0.0,0.0,0.0,0.0,0.0,0.0,0.0,6.5,14.6,0.0,0.0,0.0,0.05,0.0,0.0,0.8,4.5,5.5,13.6,0.0,0.0,0.0,0.0,0.0,0.0,0.0,0.0,1.8,1.8,0.0,0.0,0.0,0.0,0.0,0.0,0.0,0.1,3.3,14.700000000000001,0.0,0.0,0.0,0.0,0.0,0.0,0.0,0.1,5.2,13.299999999999999,0.0,0.0,0.0,0.0,0.0,0.0,0.0,0.0,1.2,1.2,0.0,0.0,0.0,0.0,0.0,0.0,0.0,0.0,5.6000000000000005,15.9,0.0,0.0,0.0,0.0,0.0,0.0,0.0,0.1,7.6,16.1,0.0,0.0,0.0,0.0,0.0,0.0,0.0,0.0,1.7000000000000002,22.900000000000002,0.0,0.0,0.0,0.0,0.0,0.0,0.0,0.0,5.3,19.5,0.0,0.0,0.0,0.0,0.0,0.0,0.0,0.1,15.7,23.3,0.0,0.0,0.0,0.0,0.0,0.0,0.0,0.1,5.699999999999999,16.599999999999998,0.0
2026-09-23 05:00:00+00:00,27.2,2.05,91.5,2.61,248.0,6.09,2.45,910.51,215.0,2.11,266,-0.9911140639934546,5,0.9659258262890684,0.2588190451025207,0.0,4.5,5.5,5.7,3.2,2.07,2.1,2.07,2.1,0.0099999999999997,0.02,87.1,97.4,87.1,97.4,0.0,1.5,0.0,263.0,271.0,263.0,0.0,6.14,6.17,6.14,0.0,0.0,0.0,0.0,185.0,2.55,2.39,-0.02,212.0,170.0,-5.0,0.0,0.0,0.0,0.0,0.0,0.0,0.0,0.0,0.0,0.0,0.0,0.0,0.0,0.0,0.0,0.0,0.0,0.0,0.0,0.0,0.0,0.0,0.0,0.0,0.0,0.0,0.0,7.5,7.5,0.0,0.0,0.0,0.0,0.0,0.0,0.0,0.0,27.5,27.5,0.0,0.0,0.0,0.0,0.0,0.0,0.0,0.0,22.900000000000002,22.900000000000002,0.0,0.0,0.0,0.0,0.0,0.0,0.0,0.0,5.7,19.6,0.0,0.0,0.0,0.0,0.0,0.0,0.0,0.0,3.8,8.9,0.0,0.0,0.0,0.0,0.0,0.0,0.0,0.4,7.7,19.1,0.0,0.0,0.0,0.0,0.0,0.0,0.0,0.0,4.8,11.9,0.0,0.0,0.0,0.0,0.0,0.0,0.0,0.5,9.6,16.8,0.0,0.0,0.0,0.0,0.0,0.0,0.0,0.0,6.5,14.6,0.0,0.0,0.0,0.05,0.0,0.0,0.8,4.3500000000000005,5.5,13.6,0.0,0.0,0.0,0.0,0.0,0.0,0.0,0.0,1.8,1.8,0.0,0.0,0.0,0.0,0.0,0.0,0.0,0.1,3.3,14.700000000000001,0.0,0.0,0.0,0.0,0.0,0.0,0.0,0.1,5.2,13.299999999999999,0.0,0.0,0.0,0.0,0.0,0.0,0.0,0.0,1.2,1.2,0.0,0.0,0.0,0.0,0.0,0.0,0.0,0.0,5.6000000000000005,15.9,0.0,0.0,0.0,0.0,0.0,0.0,0.0,0.1,7.6,16.1,0.0,0.0,0.0,0.0,0.0,0.0,0.0,0.0,1.7000000000000002,22.900000000000002,0.0,0.0,0.0,0.0,0.0,0.0,0.0,0.0,5.3,19.5,0.0,0.0,0.0,0.0,0.0,0.0,0.0,0.1,15.7,23.3,0.0,0.0,0.0,0.0,0.0,0.0,0.0,0.1,5.699999999999999,16.599999999999998,0.0
2026-09-23 05:30:00+00:00,28.0,2.06,91.5,2.61,248.0,6.09,2.45,910.51,220.0,2.13,266,-0.9911140639934546,5,0.9659258262890684,0.2588190451025207,0.0,4.5,5.5,5.7,3.2,2.07,2.1,2.07,2.1,0.02,0.0300000000000002,88.6,97.4,88.6,97.4,-1.5,1.5,0.0,266.0,274.0,266.0,0.0,6.15,6.18,6.15,0.0,0.0,0.0,0.0,185.0,2.56,2.39,-0.0099999999999997,215.0,170.0,-3.0,0.0,0.0,0.0,0.0,0.0,0.0,0.0,0.0,0.0,0.0,0.0,0.0,0.0,0.0,0.0,0.0,0.0,0.0,0.0,0.0,0.0,0.0,0.0,0.0,0.0,0.0,0.0,7.5,7.5,0.0,0.0,0.0,0.0,0.0,0.0,0.0,0.0,27.5,27.5,0.0,0.0,0.0,0.0,0.0,0.0,0.0,0.0,22.900000000000002,22.900000000000002,0.0,0.0,0.0,0.0,0.0,0.0,0.0,0.0,5.7,19.6,0.0,0.0,0.0,0.0,0.0,0.0,0.0,0.0,3.8,8.9,0.0,0.0,0.0,0.0,0.0,0.0,0.0,0.4,7.7,19.1,0.0,0.0,0.0,0.0,0.0,0.0,0.0,0.0,4.8,11.9,0.0,0.0,0.0,0.0,0.0,0.0,0.0,0.5,9.6,16.8,0.0,0.0,0.0,0.0,0.0,0.0,0.0,0.0,6.5,14.6,0.0,0.0,0.0,0.05,0.0,0.0,0.8,4.05,5.5,13.6,0.0,0.0,0.0,0.0,0.0,0.0,0.0,0.0,1.8,1.8,0.0,0.0,0.0,0.0,0.0,0.0,0.0,0.1,3.3,14.700000000000001,0.0,0.0,0.0,0.0,0.0,0.0,0.0,0.1,5.2,13.299999999999999,0.0,0.0,0.0,0.0,0.0,0.0,0.0,0.0,1.2,1.2,0.0,0.0,0.0,0.0,0.0,0.0,0.0,0.0,5.6000000000000005,15.9,0.0,0.0,0.0,0.0,0.0,0.0,0.0,0.1,7.6,16.1,0.0,0.0,0.0,0.0,0.0,0.0,0.0,0.0,1.7000000000000002,22.900000000000002,0.0,0.0,0.0,0.0,0.0,0.0,0.0,0.0,5.3,19.5,0.0,0.0,0.0,0.0,0.0,0.0,0.0,0.1,15.7,23.3,0.0,0.0,0.0,0.0,0.0,0.0,0.0,0.1,5.699999999999999,16.599999999999998,0.0
2026-09-23 06:00:00+00:00,28.0,2.06,91.5,2.61,248.0,6.09,2.45,910.51,224.0,2.15,266,-0.9911140639934546,6,1.0,6.123233995736766e-17,0.0,4.5,5.5,5.7,3.2,2.07,2.09,2.07,2.09,0.0100000000000002,0.0300000000000002,90.0,99.0,90.0,99.0,-1.5,1.5,0.0,263.0,274.0,263.0,0.0,6.14,6.18,6.14,0.0,0.0,0.0,0.0,185.0,2.55,2.41,-0.0099999999999997,212.0,175.0,-3.0,0.0,0.0,0.0,0.0,0.0,0.0,0.0,0.0,0.0,0.0,0.0,0.0,0.0,0.0,0.0,0.0,0.0,0.0,0.0,0.0,0.0,0.0,0.0,0.0,0.0,0.0,0.0,7.5,7.5,0.0,0.0,0.0,0.0,0.0,0.0,0.0,0.0,27.5,27.5,0.0,0.0,0.0,0.0,0.0,0.0,0.0,0.0,22.900000000000002,22.900000000000002,0.0,0.0,0.0,0.0,0.0,0.0,0.0,0.0,5.7,19.6,0.0,0.0,0.0,0.0,0.0,0.0,0.0,0.0,3.8,8.9,0.0,0.0,0.0,0.0,0.0,0.0,0.0,0.4,7.7,19.1,0.0,0.0,0.0,0.0,0.0,0.0,0.0,0.0,4.8,11.9,0.0,0.0,0.0,0.0,0.0,0.0,0.0,0.5,9.6,16.8,0.0,0.0,0.0,0.0,0.0,0.0,0.0,0.0,6.5,14.6,0.0,0.0,0.0,0.0,0.0,0.0,0.8,3.875,5.5,13.6,0.0,0.0,0.0,0.0,0.0,0.0,0.0,0.0,1.8,1.8,0.0,0.0,0.0,0.0,0.0,0.0,0.0,0.1,3.3,14.700000000000001,0.0,0.0,0.0,0.0,0.0,0.0,0.0,0.1,5.2,13.299999999999999,0.0,0.0,0.0,0.0,0.0,0.0,0.0,0.0,1.2,1.2,0.0,0.0,0.0,0.0,0.0,0.0,0.0,0.0,5.6000000000000005,15.9,0.0,0.0,0.0,0.0,0.0,0.0,0.0,0.1,7.6,16.1,0.0,0.0,0.0,0.0,0.0,0.0,0.0,0.0,1.7000000000000002,22.900000000000002,0.0,0.0,0.0,0.0,0.0,0.0,0.0,0.0,5.3,19.5,0.0,0.0,0.0,0.0,0.0,0.0,0.0,0.1,15.7,23.3,0.0,0.0,0.0,0.0,0.0,0.0,0.0,0.1,5.699999999999999,16.599999999999998,0.0
2026-09-23 06:30:00+00:00,28.0,2.06,91.5,2.61,248.0,6.09,2.44,910.51,227.0,2.16,266,-0.9911140639934546,6,1.0,6.123233995736766e-17,0.0,4.5,5.5,5.7,3.2,2.06,2.09,2.06,2.09,0.0100000000000002,0.0300000000000002,90.0,95.9,90.0,95.9,0.0,1.5,0.0,263.0,278.0,263.0,0.0,6.14,6.19,6.14,0.0,0.0,0.0,0.0,182.0,2.55,2.44,-0.0100000000000002,212.0,182.0,-3.0,0.0,0.0,0.0,0.0,0.0,0.0,0.0,0.0,0.0,0.0,0.0,0.0,0.0,0.0,0.0,0.0,0.0,0.0,0.0,0.0,0.0,0.0,0.0,0.0,0.0,0.0,0.0,7.5,7.5,0.0,0.0,0.0,0.0,0.0,0.0,0.0,0.0,27.5,27.5,0.0,0.0,0.0,0.0,0.0,0.0,0.0,0.0,22.900000000000002,22.900000000000002,0.0,0.0,0.0,0.0,0.0,0.0,0.0,0.0,5.7,19.6,0.0,0.0,0.0,0.0,0.0,0.0,0.0,0.0,3.8,8.9,0.0,0.0,0.0,0.0,0.0,0.0,0.0,0.1,7.7,19.1,0.0,0.0,0.0,0.0,0.0,0.0,0.0,0.0,4.8,11.9,0.0,0.0,0.0,0.0,0.0,0.0,0.0,0.5,9.6,16.8,0.0,0.0,0.0,0.0,0.0,0.0,0.0,0.0,6.5,14.6,0.0,0.0,0.0,0.0,0.0,0.0,0.8,3.825,5.5,13.6,0.0,0.0,0.0,0.0,0.0,0.0,0.0,0.0,1.8,1.8,0.0,0.0,0.0,0.0,0.0,0.0,0.0,0.0,3.3,14.700000000000001,0.0,0.0,0.0,0.0,0.0,0.0,0.0,0.0,5.2,13.299999999999999,0.0,0.0,0.0,0.0,0.0,0.0,0.0,0.0,1.2,1.2,0.0,0.0,0.0,0.0,0.0,0.0,0.0,0.0,5.6000000000000005,15.9,0.0,0.0,0.0,0.0,0.0,0.0,0.0,0.0,7.6,16.1,0.0,0.0,0.0,0.0,0.0,0.0,0.0,0.0,1.7000000000000002,22.900000000000002,0.0,0.0,0.0,0.0,0.0,0.0,0.0,0.0,5.3,19.5,0.0,0.0,0.0,0.0,0.0,0.0,0.0,0.1,15.7,23.3,0.0,0.0,0.0,0.0,0.0,0.0,0.0,0.1,5.699999999999999,16.599999999999998,0.0
2026-09-23 07:00:00+00:00,28.0,2.06,90.0,2.6,248.0,6.09,2.44,910.51,229.0,2.17,266,-0.9911140639934546,7,0.9659258262890684,-0.2588190451025206,0.0,4.5,5.5,5.7,3.2,2.06,2.09,2.06,2.09,0.0,0.0300000000000002,88.6,95.9,88.6,95.9,-1.5,-1.5,0.0,263.0,278.0,263.0,0.0,6.14,6.19,6.14,0.0,0.0,0.0,0.0,182.0,2.56,2.46,-0.0100000000000002,215.0,188.0,-3.0,0.0,0.0,0.0,0.0,0.0,0.0,0.0,0.0,0.0,0.0,0.0,0.0,0.0,0.0,0.0,0.0,0.0,0.0,0.0,0.0,0.0,0.0,0.0,0.0,0.0,0.0,0.0,7.5,7.5,0.0,0.0,0.0,0.0,0.0,0.0,0.0,0.0,27.5,27.5,0.0,0.0,0.0,0.0,0.0,0.0,0.0,0.0,22.900000000000002,22.900000000000002,0.0,0.0,0.0,0.0,0.0,0.0,0.0,0.0,5.7,19.6,0.0,0.0,0.0,0.0,0.0,0.0,0.0,0.0,3.8,8.9,0.0,0.0,0.0,0.0,0.0,0.0,0.0,0.1,7.7,19.1,0.0,0.0,0.0,0.0,0.0,0.0,0.0,0.0,4.8,11.9,0.0,0.0,0.0,0.0,0.0,0.0,0.0,0.5,9.6,16.8,0.0,0.0,0.0,0.0,0.0,0.0,0.0,0.0,6.5,14.6,0.0,0.0,0.0,0.025,0.0,0.0,0.8,3.75,5.5,13.6,0.0,0.0,0.0,0.0,0.0,0.0,0.0,0.0,1.8,1.8,0.0,0.0,0.0,0.0,0.0,0.0,0.0,0.0,3.3,14.700000000000001,0.0,0.0,0.0,0.0,0.0,0.0,0.0,0.0,5.2,13.299999999999999,0.0,0.0,0.0,0.0,0.0,0.0,0.0,0.0,1.2,1.2,0.0,0.0,0.0,0.0,0.0,0.0,0.0,0.0,5.6000000000000005,15.9,0.0,0.0,0.0,0.0,0.0,0.0,0.0,0.0,7.6,16.1,0.0,0.0,0.0,0.0,0.0,0.0,0.0,0.0,1.7000000000000002,22.900000000000002,0.0,0.0,0.0,0.0,0.0,0.0,0.0,0.0,5.3,19.5,0.0,0.0,0.0,0.0,0.0,0.0,0.0,0.1,15.7,23.3,0.0,0.0,0.0,0.0,0.0,0.0,0.0,0.1,5.699999999999999,16.599999999999998,0.0
2026-09-23 07:30:00+00:00,28.0,2.06,91.5,2.61,248.0,6.09,2.44,910.51,232.0,2.18,266,-0.9911140639934546,7,0.9659258262890684,-0.2588190451025206,0.0,4.5,5.5,5.7,3.2,2.05,2.09,2.05,2.09,0.0,0.0300000000000002,90.0,95.9,90.0,95.9,0.0,-1.5,-0.0099999999999997,263.0,274.0,263.0,0.0,6.14,6.18,6.14,0.0,0.0,0.0,0.0,182.0,2.55,2.48,-0.0100000000000002,212.0,193.0,-3.0,0.0,0.0,0.0,0.0,0.0,0.0,0.0,0.0,0.0,0.0,0.0,0.0,0.0,0.0,0.0,0.0,0.0,0.0,0.0,0.0,0.0,0.0,0.0,0.0,0.0,0.0,0.0,7.5,7.5,0.0,0.0,0.0,0.0,0.0,0.0,0.0,0.0,27.5,27.5,0.0,0.0,0.0,0.0,0.0,0.0,0.0,0.0,22.900000000000002,22.900000000000002,0.0,0.0,0.0,0.0,0.0,0.0,0.0,0.0,5.7,19.6,0.0,0.0,0.0,0.0,0.0,0.0,0.0,0.0,3.8,8.9,0.0,0.0,0.0,0.0,0.0,0.0,0.0,0.1,7.7,19.1,0.0,0.0,0.0,0.0,0.0,0.0,0.0,0.0,4.8,11.9,0.0,0.0,0.0,0.0,0.0,0.0,0.0,0.5,9.6,16.8,0.0,0.0,0.0,0.0,0.0,0.0,0.0,0.0,6.5,14.6,0.0,0.0,0.0,0.025,0.0,0.0,0.8,3.6500000000000004,5.5,13.6,0.0,0.0,0.0,0.0,0.0,0.0,0.0,0.0,1.8,1.8,0.0,0.0,0.0,0.0,0.0,0.0,0.0,0.0,3.3,14.700000000000001,0.0,0.0,0.0,0.0,0.0,0.0,0.0,0.0,5.2,13.299999999999999,0.0,0.0,0.0,0.0,0.0,0.0,0.0,0.0,1.2,1.2,0.0,0.0,0.0,0.0,0.0,0.0,0.0,0.0,5.6000000000000005,15.9,0.0,0.0,0.0,0.0,0.0,0.0,0.0,0.0,7.6,16.1,0.0,0.0,0.0,0.0,0.0,0.0,0.0,0.0,1.7000000000000002,22.900000000000002,0.0,0.0,0.0,0.0,0.0,0.0,0.0,0.0,5.3,19.5,0.0,0.0,0.0,0.0,0.0,0.0,0.0,0.1,15.7,23.3,0.0,0.0,0.0,0.0,0.0,0.0,0.0,0.0,5.699999999999999,16.599999999999998,0.0
2026-09-23 08:00:00+00:00,28.0,2.06,91.5,2.61,248.0,6.09,2.44,910.51,232.0,2.18,266,-0.9911140639934546,8,0.8660254037844387,-0.4999999999999998,0.0,4.5,5.5,5.7,3.2,2.05,2.09,2.05,2.09,0.0,0.02,91.5,95.9,91.5,95.9,0.0,0.0,0.0,263.0,278.0,263.0,0.0,6.14,6.19,6.14,0.0,0.0,0.0,0.0,182.0,2.54,2.51,0.0,209.0,201.0,0.0,0.0,0.0,0.0,0.0,0.0,0.0,0.0,0.0,0.0,0.0,0.0,0.0,0.0,0.0,0.0,0.0,0.0,0.0,0.0,0.0,0.0,0.0,0.0,0.0,0.0,0.0,0.0,7.5,7.5,0.0,0.0,0.0,0.0,0.0,0.0,0.0,0.0,27.5,27.5,0.0,0.0,0.0,0.0,0.0,0.0,0.0,0.0,22.900000000000002,22.900000000000002,0.0,0.0,0.0,0.0,0.0,0.0,0.0,0.0,5.7,19.6,0.0,0.0,0.0,0.0,0.0,0.0,0.0,0.0,3.8,8.9,0.0,0.0,0.0,0.0,0.0,0.0,0.0,0.1,7.7,19.1,0.0,0.0,0.0,0.0,0.0,0.0,0.0,0.0,4.8,11.9,0.0,0.0,0.0,0.0,0.0,0.0,0.0,0.5,9.6,16.8,0.0,0.0,0.0,0.0,0.0,0.0,0.0,0.0,6.5,14.6,0.0,0.0,0.0,0.025,0.0,0.0,0.8,3.6,5.5,13.6,0.0,0.0,0.0,0.0,0.0,0.0,0.0,0.0,1.8,1.8,0.0,0.0,0.0,0.0,0.0,0.0,0.0,0.0,3.3,14.700000000000001,0.0,0.0,0.0,0.0,0.0,0.0,0.0,0.0,5.2,13.299999999999999,0.0,0.0,0.0,0.0,0.0,0.0,0.0,0.0,1.2,1.2,0.0,0.0,0.0,0.0,0.0,0.0,0.0,0.0,5.6000000000000005,15.9,0.0,0.0,0.0,0.0,0.0,0.0,0.0,0.0,7.6,16.1,0.0,0.0,0.0,0.0,0.0,0.0,0.0,0.0,1.7000000000000002,22.900000000000002,0.0,0.0,0.0,0.0,0.0,0.0,0.0,0.0,5.3,19.5,0.0,0.0,0.0,0.0,0.0,0.0,0.0,0.1,15.7,23.3,0.0,0.0,0.0,0.0,0.0,0.0,0.0,0.0,5.699999999999999,16.599999999999998,0.0
2026-09-23 08:30:00+00:00,28.0,2.06,90.0,2.6,248.0,6.09,2.43,910.51,232.0,2.18,266,-0.9911140639934546,8,0.8660254037844387,-0.4999999999999998,0.0,4.5,5.5,5.7,3.2,2.04,2.09,2.04,2.09,0.0,0.02,90.0,94.4,90.0,94.4,0.0,0.0,0.0,260.0,274.0,260.0,0.0,6.13,6.18,6.13,0.0,0.0,0.0,0.0,180.0,2.53,2.54,-0.0099999999999997,206.0,209.0,-2.0,0.0,0.0,0.0,0.0,0.0,0.0,0.0,0.0,0.0,0.0,0.0,0.0,0.0,0.0,0.0,0.0,0.0,0.0,0.0,0.0,0.0,0.0,0.0,0.0,0.0,0.0,0.0,7.5,7.5,0.0,0.0,0.0,0.0,0.0,0.0,0.0,0.0,27.5,27.5,0.0,0.0,0.0,0.0,0.0,0.0,0.0,0.0,22.900000000000002,22.900000000000002,0.0,0.0,0.0,0.0,0.0,0.0,0.0,0.0,5.7,19.6,0.0,0.0,0.0,0.0,0.0,0.0,0.0,0.0,3.8,8.9,0.0,0.0,0.0,0.0,0.0,0.0,0.0,0.0,7.7,19.1,0.0,0.0,0.0,0.0,0.0,0.0,0.0,0.0,4.8,11.9,0.0,0.0,0.0,0.0,0.0,0.0,0.0,0.0,9.6,16.8,0.0,0.0,0.0,0.0,0.0,0.0,0.0,0.0,6.5,14.6,0.0,0.0,0.0,0.025,0.0,0.0,0.8,3.6,5.5,13.6,0.0,0.0,0.0,0.0,0.0,0.0,0.0,0.0,1.8,1.8,0.0,0.0,0.0,0.0,0.0,0.0,0.0,0.0,3.3,14.700000000000001,0.0,0.0,0.0,0.0,0.0,0.0,0.0,0.0,5.2,13.299999999999999,0.0,0.0,0.0,0.0,0.0,0.0,0.0,0.0,1.2,1.2,0.0,0.0,0.0,0.0,0.0,0.0,0.0,0.0,5.6000000000000005,15.9,0.0,0.0,0.0,0.0,0.0,0.0,0.0,0.0,7.6,16.1,0.0,0.0,0.0,0.0,0.0,0.0,0.0,0.0,1.7000000000000002,22.900000000000002,0.0,0.0,0.0,0.0,0.0,0.0,0.0,0.0,5.3,19.5,0.0,0.0,0.0,0.0,0.0,0.0,0.0,0.0,15.7,23.3,0.0,0.0,0.0,0.0,0.0,0.0,0.0,0.0,5.699999999999999,16.599999999999998,0.0
2026-09-23 09:00:00+00:00,28.0,2.06,91.5,2.61,248.0,6.09,2.43,910.51,232.0,2.18,266,-0.9911140639934546,9,0.7071067811865476,-0.7071067811865475,0.0,4.5,5.5,5.7,3.2,2.04,2.09,2.04,2.09,0.0,0.02,91.5,95.9,91.5,95.9,0.0,0.0,0.0,257.0,274.0,257.0,0.0,6.12,6.18,6.12,0.0,0.0,0.0,0.0,180.0,2.54,2.55,-0.0099999999999997,209.0,212.0,-2.0,0.0,0.0,0.0,0.0,0.0,0.0,0.0,0.0,0.0,0.0,0.0,0.0,0.0,0.0,0.0,0.0,0.0,0.0,0.0,0.0,0.0,0.0,0.0,0.0,0.0,0.0,0.0,7.5,7.5,0.0,0.0,0.0,0.0,0.0,0.0,0.0,0.0,27.5,27.5,0.0,0.0,0.0,0.0,0.0,0.0,0.0,0.0,22.900000000000002,22.900000000000002,0.0,0.0,0.0,0.0,0.0,0.0,0.0,0.0,5.7,19.6,0.0,0.0,0.0,0.0,0.0,0.0,0.0,0.0,3.8,8.9,0.0,0.0,0.0,0.0,0.0,0.0,0.0,0.0,7.7,19.1,0.0,0.0,0.0,0.0,0.0,0.0,0.0,0.0,4.8,11.9,0.0,0.0,0.0,0.0,0.0,0.0,0.0,0.0,9.6,16.8,0.0,0.0,0.0,0.0,0.0,0.0,0.0,0.0,6.5,14.6,0.0,0.0,0.0,0.025,0.0,0.0,0.8,3.6,5.5,13.6,0.0,0.0,0.0,0.0,0.0,0.0,0.0,0.0,1.8,1.8,0.0,0.0,0.0,0.0,0.0,0.0,0.0,0.0,3.3,14.700000000000001,0.0,0.0,0.0,0.0,0.0,0.0,0.0,0.0,5.2,13.299999999999999,0.0,0.0,0.0,0.0,0.0,0.0,0.0,0.0,1.2,1.2,0.0,0.0,0.0,0.0,0.0,0.0,0.0,0.0,5.6000000000000005,15.9,0.0,0.0,0.0,0.0,0.0,0.0,0.0,0.0,7.6,16.1,0.0,0.0,0.0,0.0,0.0,0.0,0.0,0.0,1.7000000000000002,22.900000000000002,0.0,0.0,0.0,0.0,0.0,0.0,0.0,0.0,5.3,19.5,0.0,0.0,0.0,0.0,0.0,0.0,0.0,0.0,15.7,23.3,0.0,0.0,0.0,0.0,0.0,0.0,0.0,0.0,5.699999999999999,16.599999999999998,0.0
2026-09-23 09:30:00+00:00,28.0,2.06,90.0,2.6,248.0,6.09,2.44,910.51,232.0,2.18,266,-0.9911140639934546,9,0.7071067811865476,-0.7071067811865475,0.0,4.5,5.5,5.7,3.2,2.04,2.09,2.04,2.09,0.0,0.02,91.5,97.4,91.5,97.4,-1.5,-1.5,0.0100000000000002,254.0,274.0,254.0,0.0,6.11,6.18,6.11,0.0,0.0,0.0,0.0,182.0,2.53,2.56,0.0,206.0,215.0,0.0,0.0,0.0,0.0,0.0,0.0,0.0,0.0,0.0,0.0,0.0,0.0,0.0,0.0,0.0,0.0,0.0,0.0,0.0,0.0,0.0,0.0,0.0,0.0,0.0,0.0,0.0,0.0,7.5,7.5,0.0,0.0,0.0,0.0,0.0,0.0,0.0,0.0,27.5,27.5,0.0,0.0,0.0,0.0,0.0,0.0,0.0,0.0,22.900000000000002,22.900000000000002,0.0,0.0,0.0,0.0,0.0,0.0,0.0,0.0,5.7,19.6,0.0,0.0,0.0,0.0,0.0,0.0,0.0,0.0,3.8,8.9,0.0,0.0,0.0,0.0,0.0,0.0,0.0,0.0,7.7,19.1,0.0,0.0,0.0,0.0,0.0,0.0,0.0,0.0,4.8,11.9,0.0,0.0,0.0,0.0,0.0,0.0,0.0,0.0,9.6,16.8,0.0,0.0,0.0,0.0,0.0,0.0,0.0,0.0,6.5,14.6,0.0,0.0,0.0,0.025,0.0,0.0,0.8,3.6,5.5,13.6,0.0,0.0,0.0,0.0,0.0,0.0,0.0,0.0,1.8,1.8,0.0,0.0,0.0,0.0,0.0,0.0,0.0,0.0,3.3,14.700000000000001,0.0,0.0,0.0,0.0,0.0,0.0,0.0,0.0,5.2,13.299999999999999,0.0,0.0,0.0,0.0,0.0,0.0,0.0,0.0,1.2,1.2,0.0,0.0,0.0,0.0,0.0,0.0,0.0,0.0,5.6000000000000005,15.9,0.0,0.0,0.0,0.0,0.0,0.0,0.0,0.0,7.6,16.1,0.0,0.0,0.0,0.0,0.0,0.0,0.0,0.0,1.7000000000000002,22.900000000000002,0.0,0.0,0.0,0.0,0.0,0.0,0.0,0.0,5.3,19.5,0.0,0.0,0.0,0.0,0.0,0.0,0.0,0.0,15.7,23.3,0.0,0.0,0.0,0.0,0.0,0.0,0.0,0.0,5.699999999999999,16.599999999999998,0.0
2026-09-23 10:00:00+00:00,28.0,2.06,88.6,2.59,248.0,6.09,2.44,910.51,232.0,2.18,266,-0.9911140639934546,10,0.4999999999999999,-0.8660254037844387,0.0,4.5,5.5,5.7,3.2,2.03,2.08,2.03,2.08,0.0,0.02,91.5,95.9,91.5,95.9,-1.4000000000000057,-4.400000000000006,0.0,257.0,274.0,257.0,0.0,6.12,6.18,6.12,0.0,0.0,0.0,0.0,182.0,2.53,2.56,0.0099999999999997,206.0,215.0,2.0,0.0,0.0,0.0,0.0,0.0,0.0,0.0,0.0,0.0,0.0,0.0,0.0,0.0,0.0,0.0,0.0,0.0,0.0,0.0,0.0,0.0,0.0,0.0,0.0,0.0,0.0,0.0,7.5,7.5,0.0,0.0,0.0,0.0,0.0,0.0,0.0,0.0,27.5,27.5,0.0,0.0,0.0,0.0,0.0,0.0,0.0,0.0,22.900000000000002,22.900000000000002,0.0,0.0,0.0,0.0,0.0,0.0,0.0,0.0,5.7,19.6,0.0,0.0,0.0,0.0,0.0,0.0,0.0,0.0,3.8,8.9,0.0,0.0,0.0,0.0,0.0,0.0,0.0,0.0,7.7,19.1,0.0,0.0,0.0,0.0,0.0,0.0,0.0,0.0,4.8,11.9,0.0,0.0,0.0,0.0,0.0,0.0,0.0,0.0,9.6,16.8,0.0,0.0,0.0,0.0,0.0,0.0,0.0,0.0,6.5,14.6,0.0,0.0,0.0,0.0,0.0,0.0,0.8,3.475,5.5,13.6,0.0,0.0,0.0,0.0,0.0,0.0,0.0,0.0,1.8,1.8,0.0,0.0,0.0,0.0,0.0,0.0,0.0,0.0,3.3,14.700000000000001,0.0,0.0,0.0,0.0,0.0,0.0,0.0,0.0,5.2,13.299999999999999,0.0,0.0,0.0,0.0,0.0,0.0,0.0,0.0,1.2,1.2,0.0,0.0,0.0,0.0,0.0,0.0,0.0,0.0,5.6000000000000005,15.9,0.0,0.0,0.0,0.0,0.0,0.0,0.0,0.0,7.6,16.1,0.0,0.0,0.0,0.0,0.0,0.0,0.0,0.0,1.7000000000000002,22.900000000000002,0.0,0.0,0.0,0.0,0.0,0.0,0.0,0.0,5.3,19.5,0.0,0.0,0.0,0.0,0.0,0.0,0.0,0.0,15.7,23.3,0.0,0.0,0.0,0.0,0.0,0.0,0.0,0.0,5.699999999999999,16.599999999999998,0.0
2026-09-23 10:30:00+00:00,28.0,2.06,90.0,2.6,245.0,6.08,2.44,910.51,232.0,2.18,266,-0.9911140639934546,10,0.4999999999999999,-0.8660254037844387,0.0,4.5,5.5,5.7,3.2,2.03,2.08,2.03,2.08,0.0,0.0100000000000002,91.5,94.4,91.5,94.4,-1.5,-3.0,0.0,257.0,274.0,257.0,-3.0,6.12,6.18,6.12,-0.0099999999999997,0.0,0.0,0.0,182.0,2.53,2.56,0.0099999999999997,206.0,215.0,2.0,0.0,0.0,0.0,0.0,0.0,0.0,0.0,0.0,0.0,0.0,0.0,0.0,0.0,0.0,0.0,0.0,0.0,0.0,0.0,0.0,0.0,0.0,0.0,0.0,0.0,0.0,0.0,7.5,7.5,0.0,0.0,0.0,0.0,0.0,0.0,0.0,0.0,27.5,27.5,0.0,0.0,0.0,0.0,0.0,0.0,0.0,0.0,22.900000000000002,22.900000000000002,0.0,0.0,0.0,0.0,0.0,0.0,0.0,0.0,5.7,19.6,0.0,0.0,0.0,0.0,0.0,0.0,0.0,0.0,3.8,8.9,0.0,0.0,0.0,0.0,0.0,0.0,0.0,0.0,7.7,19.1,0.0,0.0,0.0,0.0,0.0,0.0,0.0,0.0,4.8,11.9,0.0,0.0,0.0,0.0,0.0,0.0,0.0,0.0,9.6,16.8,0.0,0.0,0.0,0.0,0.0,0.0,0.0,0.0,6.5,14.6,0.0,0.0,0.0,0.0,0.0,0.0,0.8,3.225,5.5,13.6,0.0,0.0,0.0,0.0,0.0,0.0,0.0,0.0,1.8,1.8,0.0,0.0,0.0,0.0,0.0,0.0,0.0,0.0,3.3,14.700000000000001,0.0,0.0,0.0,0.0,0.0,0.0,0.0,0.0,5.2,13.299999999999999,0.0,0.0,0.0,0.0,0.0,0.0,0.0,0.0,1.2,1.2,0.0,0.0,0.0,0.0,0.0,0.0,0.0,0.0,5.6000000000000005,15.9,0.0,0.0,0.0,0.0,0.0,0.0,0.0,0.0,7.6,16.1,0.0,0.0,0.0,0.0,0.0,0.0,0.0,0.0,1.7000000000000002,22.900000000000002,0.0,0.0,0.0,0.0,0.0,0.0,0.0,0.0,5.3,19.5,0.0,0.0,0.0,0.0,0.0,0.0,0.0,0.0,15.7,23.3,0.0,0.0,0.0,0.0,0.0,0.0,0.0,0.0,5.699999999999999,16.599999999999998,0.0
2026-09-23 11:00:00+00:00,27.2,2.05,88.6,2.59,245.0,6.08,2.43,910.51,232.0,2.18,266,-0.9911140639934546,11,0.258819045102521,-0.9659258262890682,0.0,4.5,5.5,5.7,3.2,2.03,2.08,2.03,2.08,-0.0100000000000002,0.0,90.0,93.0,90.0,93.0,-1.4000000000000057,-2.9000000000000057,-0.0100000000000002,254.0,274.0,254.0,-3.0,6.11,6.18,6.11,-0.0099999999999997,0.0,0.0,0.0,180.0,2.53,2.57,-0.0099999999999997,206.0,218.0,-2.0,0.0,0.0,0.0,0.0,0.0,0.0,0.0,0.0,0.0,0.0,0.0,0.0,0.0,0.0,0.0,0.0,0.0,0.0,0.0,0.0,0.0,0.0,0.0,0.0,0.0,0.0,0.0,7.5,7.5,0.0,0.0,0.0,0.0,0.0,0.0,0.0,0.0,27.5,27.5,0.0,0.0,0.0,0.0,0.0,0.0,0.0,0.0,22.900000000000002,22.900000000000002,0.0,0.0,0.0,0.0,0.0,0.0,0.0,0.0,5.7,19.6,0.0,0.0,0.0,0.0,0.0,0.0,0.0,0.0,3.8,8.9,0.0,0.0,0.0,0.0,0.0,0.0,0.0,0.0,7.7,19.1,0.0,0.0,0.0,0.0,0.0,0.0,0.0,0.0,4.8,11.9,0.0,0.0,0.0,0.0,0.0,0.0,0.0,0.0,9.6,16.8,0.0,0.0,0.0,0.0,0.0,0.0,0.0,0.0,6.5,14.6,0.0,0.0,0.0,0.0,0.0,0.0,0.8,2.975,5.5,13.6,0.0,0.0,0.0,0.0,0.0,0.0,0.0,0.0,1.8,1.8,0.0,0.0,0.0,0.0,0.0,0.0,0.0,0.0,3.3,14.700000000000001,0.0,0.0,0.0,0.0,0.0,0.0,0.0,0.0,5.2,13.299999999999999,0.0,0.0,0.0,0.0,0.0,0.0,0.0,0.0,1.2,1.2,0.0,0.0,0.0,0.0,0.0,0.0,0.0,0.0,5.6000000000000005,15.9,0.0,0.0,0.0,0.0,0.0,0.0,0.0,0.0,7.6,16.1,0.0,0.0,0.0,0.0,0.0,0.0,0.0,0.0,1.7000000000000002,22.900000000000002,0.0,0.0,0.0,0.0,0.0,0.0,0.0,0.0,5.3,19.5,0.0,0.0,0.0,0.0,0.0,0.0,0.0,0.0,15.7,23.3,0.0,0.0,0.0,0.0,0.0,0.0,0.0,0.0,5.699999999999999,16.599999999999998,0.0
2026-09-23 11:30:00+00:00,28.0,2.06,87.1,2.58,245.0,6.08,2.43,910.51,232.0,2.18,266,-0.9911140639934546,11,0.258819045102521,-0.9659258262890682,0.0,4.5,5.5,5.7,3.2,2.03,2.08,2.03,2.08,0.0,0.0,90.0,91.5,90.0,91.5,-1.5,-4.400000000000006,0.0,254.0,271.0,254.0,-3.0,6.11,6.17,6.11,-0.0099999999999997,0.0,0.0,0.0,180.0,2.52,2.58,-0.0099999999999997,204.0,220.0,-2.0,0.0,0.0,0.0,0.0,0.0,0.0,0.0,0.0,0.0,0.0,0.0,0.0,0.0,0.0,0.0,0.0,0.0,0.0,0.0,0.0,0.0,0.0,0.0,0.0,0.0,0.0,0.0,7.5,7.5,0.0,0.0,0.0,0.0,0.0,0.0,0.0,0.0,27.5,27.5,0.0,0.0,0.0,0.0,0.0,0.0,0.0,0.0,22.900000000000002,22.900000000000002,0.0,0.0,0.0,0.0,0.0,0.0,0.0,0.0,5.7,19.6,0.0,0.0,0.0,0.0,0.0,0.0,0.0,0.0,3.8,8.9,0.0,0.0,0.0,0.0,0.0,0.0,0.0,0.0,7.7,19.1,0.0,0.0,0.0,0.0,0.0,0.0,0.0,0.0,4.8,11.9,0.0,0.0,0.0,0.0,0.0,0.0,0.0,0.0,9.6,16.8,0.0,0.0,0.0,0.0,0.0,0.0,0.0,0.0,6.5,14.6,0.0,0.0,0.0,0.0,0.0,0.0,0.8,2.725,5.5,13.6,0.0,0.0,0.0,0.0,0.0,0.0,0.0,0.0,1.8,1.8,0.0,0.0,0.0,0.0,0.0,0.0,0.0,0.0,3.3,14.700000000000001,0.0,0.0,0.0,0.0,0.0,0.0,0.0,0.0,5.2,13.299999999999999,0.0,0.0,0.0,0.0,0.0,0.0,0.0,0.0,1.2,1.2,0.0,0.0,0.0,0.0,0.0,0.0,0.0,0.0,5.6000000000000005,15.9,0.0,0.0,0.0,0.0,0.0,0.0,0.0,0.0,7.6,16.1,0.0,0.0,0.0,0.0,0.0,0.0,0.0,0.0,1.7000000000000002,22.900000000000002,0.0,0.0,0.0,0.0,0.0,0.0,0.0,0.0,5.3,19.5,0.0,0.0,0.0,0.0,0.0,0.0,0.0,0.0,15.7,23.3,0.0,0.0,0.0,0.0,0.0,0.0,0.0,0.0,5.699999999999999,16.599999999999998,0.0
2026-09-23 12:00:00+00:00,28.0,2.06,87.1,2.58,245.0,6.08,2.43,910.51,232.0,2.18,266,-0.9911140639934546,12,1.2246467991473532e-16,-1.0,0.0,4.5,5.5,5.7,3.2,2.03,2.09,2.03,2.09,0.0,0.0,90.0,91.5,90.0,91.5,-2.9000000000000057,-4.400000000000006,0.0,251.0,271.0,251.0,0.0,6.1,6.17,6.1,0.0,0.0,0.0,0.0,180.0,2.51,2.57,-0.0099999999999997,201.0,218.0,-2.0,0.0,0.0,0.0,0.0,0.0,0.0,0.0,0.0,0.0,0.0,0.0,0.0,0.0,0.0,0.0,0.0,0.0,0.0,0.0,0.0,0.0,0.0,0.0,0.0,0.0,0.0,0.0,7.5,7.5,0.0,0.0,0.0,0.0,0.0,0.0,0.0,0.0,27.5,27.5,0.0,0.0,0.0,0.0,0.0,0.0,0.0,0.0,22.900000000000002,22.900000000000002,0.0,0.0,0.0,0.0,0.0,0.0,0.0,0.0,5.7,19.6,0.0,0.0,0.0,0.0,0.0,0.0,0.0,0.0,3.8,8.9,0.0,0.0,0.0,0.0,0.0,0.0,0.0,0.0,7.7,19.1,0.0,0.0,0.0,0.0,0.0,0.0,0.0,0.0,4.8,11.9,0.0,0.0,0.0,0.0,0.0,0.0,0.0,0.0,9.6,16.8,0.0,0.0,0.0,0.0,0.0,0.0,0.0,0.0,6.5,14.6,0.0,0.0,0.0,0.0,0.0,0.0,0.8,2.5500000000000003,5.5,13.6,0.0,0.0,0.0,0.0,0.0,0.0,0.0,0.0,1.8,1.8,0.0,0.0,0.0,0.0,0.0,0.0,0.0,0.0,3.3,14.700000000000001,0.0,0.0,0.0,0.0,0.0,0.0,0.0,0.0,5.2,13.299999999999999,0.0,0.0,0.0,0.0,0.0,0.0,0.0,0.0,1.2,1.2,0.0,0.0,0.0,0.0,0.0,0.0,0.0,0.0,5.6000000000000005,15.9,0.0,0.0,0.0,0.0,0.0,0.0,0.0,0.0,7.6,16.1,0.0,0.0,0.0,0.0,0.0,0.0,0.0,0.0,1.7000000000000002,22.900000000000002,0.0,0.0,0.0,0.0,0.0,0.0,0.0,0.0,5.3,19.5,0.0,0.0,0.0,0.0,0.0,0.0,0.0,0.0,15.7,23.3,0.0,0.0,0.0,0.0,0.0,0.0,0.0,0.0,5.699999999999999,16.599999999999998,0.0
2026-09-23 12:30:00+00:00,28.0,2.06,87.1,2.58,245.0,6.08,2.43,910.5,232.0,2.18,266,-0.9911140639934546,12,1.2246467991473532e-16,-1.0,0.0,4.5,5.5,5.7,3.2,2.03,2.08,2.03,2.08,0.0100000000000002,0.0,90.0,90.0,90.0,90.0,-1.5,-4.400000000000006,0.0,251.0,271.0,251.0,0.0,6.1,6.17,6.1,0.0,0.0,0.0,0.0,180.0,2.51,2.57,0.0,201.0,218.0,0.0,0.0,0.0,0.0,0.0,0.0,0.0,0.0,0.0,0.0,0.0,0.0,0.0,0.0,0.0,0.0,0.0,0.0,0.0,0.0,0.0,0.0,0.0,0.0,0.0,0.0,0.0,0.0,7.5,7.5,0.0,0.0,0.0,0.0,0.0,0.0,0.0,0.0,27.5,27.5,0.0,0.0,0.0,0.0,0.0,0.0,0.0,0.0,22.900000000000002,22.900000000000002,0.0,0.0,0.0,0.0,0.0,0.0,0.0,0.0,5.7,19.6,0.0,0.0,0.0,0.0,0.0,0.0,0.0,0.0,3.8,8.9,0.0,0.0,0.0,0.0,0.0,0.0,0.0,0.0,7.7,19.1,0.0,0.0,0.0,0.0,0.0,0.0,0.0,0.0,4.8,11.9,0.0,0.0,0.0,0.0,0.0,0.0,0.0,0.0,9.6,16.8,0.0,0.0,0.0,0.0,0.0,0.0,0.0,0.0,6.5,14.6,0.0,0.0,0.0,0.0,0.0,0.0,0.8,2.45,5.5,13.6,0.0,0.0,0.0,0.0,0.0,0.0,0.0,0.0,1.8,1.8,0.0,0.0,0.0,0.0,0.0,0.0,0.0,0.0,3.3,14.700000000000001,0.0,0.0,0.0,0.0,0.0,0.0,0.0,0.0,5.2,13.299999999999999,0.0,0.0,0.0,0.0,0.0,0.0,0.0,0.0,1.2,1.2,0.0,0.0,0.0,0.0,0.0,0.0,0.0,0.0,5.6000000000000005,15.9,0.0,0.0,0.0,0.0,0.0,0.0,0.0,0.0,7.6,16.1,0.0,0.0,0.0,0.0,0.0,0.0,0.0,0.0,1.7000000000000002,22.900000000000002,0.0,0.0,0.0,0.0,0.0,0.0,0.0,0.0,5.3,19.5,0.0,0.0,0.0,0.0,0.0,0.0,0.0,0.0,15.7,23.3,0.0,0.0,0.0,0.0,0.0,0.0,0.0,0.0,5.699999999999999,16.599999999999998,0.0
2026-09-23 13:00:00+00:00,28.0,2.06,85.7,2.57,245.0,6.08,2.42,910.5,232.0,2.18,266,-0.9911140639934546,13,-0.2588190451025208,-0.9659258262890684,0.0,4.5,5.5,5.7,3.2,2.03,2.09,2.03,2.09,0.0,0.0,91.5,88.6,91.5,88.6,-1.3999999999999917,-4.299999999999997,0.0,251.0,271.0,251.0,0.0,6.1,6.17,6.1,0.0,0.0,0.0,0.0,177.0,2.5,2.57,-0.0100000000000002,198.0,218.0,-3.0,0.0,0.0,0.0,0.0,0.0,0.0,0.0,0.0,0.0,0.0,0.0,0.0,0.0,0.0,0.0,0.0,0.0,0.0,0.0,0.0,0.0,0.0,0.0,0.0,0.0,0.0,0.0,7.5,7.5,0.0,0.0,0.0,0.0,0.0,0.0,0.0,0.0,27.5,27.5,0.0,0.0,0.0,0.0,0.0,0.0,0.0,0.0,22.900000000000002,22.900000000000002,0.0,0.0,0.0,0.0,0.0,0.0,0.0,0.0,5.7,19.6,0.0,0.0,0.0,0.0,0.0,0.0,0.0,0.0,3.8,8.9,0.0,0.0,0.0,0.0,0.0,0.0,0.0,0.0,7.7,19.1,0.0,0.0,0.0,0.0,0.0,0.0,0.0,0.0,4.8,11.9,0.0,0.0,0.0,0.0,0.0,0.0,0.0,0.0,9.6,16.8,0.0,0.0,0.0,0.0,0.0,0.0,0.0,0.0,6.5,14.6,0.0,0.0,0.0,0.0,0.0,0.0,0.8,2.4000000000000004,5.5,13.6,0.0,0.0,0.0,0.0,0.0,0.0,0.0,0.0,1.8,1.8,0.0,0.0,0.0,0.0,0.0,0.0,0.0,0.0,3.3,14.700000000000001,0.0,0.0,0.0,0.0,0.0,0.0,0.0,0.0,5.2,13.299999999999999,0.0,0.0,0.0,0.0,0.0,0.0,0.0,0.0,1.2,1.2,0.0,0.0,0.0,0.0,0.0,0.0,0.0,0.0,5.6000000000000005,15.9,0.0,0.0,0.0,0.0,0.0,0.0,0.0,0.0,7.6,16.1,0.0,0.0,0.0,0.0,0.0,0.0,0.0,0.0,1.7000000000000002,22.900000000000002,0.0,0.0,0.0,0.0,0.0,0.0,0.0,0.0,5.3,19.5,0.0,0.0,0.0,0.0,0.0,0.0,0.0,0.0,15.7,23.3,0.0,0.0,0.0,0.0,0.0,0.0,0.0,0.0,5.699999999999999,16.599999999999998,0.0
2026-09-23 13:30:00+00:00,28.0,2.06,85.7,2.57,243.0,6.07,2.43,910.47,236.0,2.2,266,-0.9911140639934546,13,-0.2588190451025208,-0.9659258262890684,0.0,4.5,5.5,5.7,3.2,2.03,2.09,2.03,2.09,0.0,0.0,93.0,88.6,93.0,88.6,-1.3999999999999917,-5.799999999999997,0.0,251.0,271.0,251.0,-2.0,6.1,6.17,6.1,-0.0099999999999997,0.0,0.0,0.0,180.0,2.49,2.57,0.0,196.0,218.0,0.0,0.0,0.0,0.0,0.0,0.0,0.0,0.0,0.0,0.0,0.0,0.0,0.0,0.0,0.0,0.0,0.0,0.0,0.0,0.0,0.0,0.0,0.0,0.0,0.0,0.0,0.0,0.0,7.5,7.5,0.0,0.0,0.0,0.0,0.0,0.0,0.0,0.0,27.5,27.5,0.0,0.0,0.0,0.0,0.0,0.0,0.0,0.0,22.900000000000002,22.900000000000002,0.0,0.0,0.0,0.0,0.0,0.0,0.0,0.0,5.7,19.6,0.0,0.0,0.0,0.0,0.0,0.0,0.0,0.0,3.8,8.9,0.0,0.0,0.0,0.0,0.0,0.0,0.0,0.0,7.7,19.1,0.0,0.0,0.0,0.0,0.0,0.0,0.0,0.0,4.8,11.9,0.0,0.0,0.0,0.0,0.0,0.0,0.0,0.0,9.6,16.8,0.0,0.0,0.0,0.0,0.0,0.0,0.0,0.0,6.5,14.6,0.0,0.0,0.0,0.0,0.0,0.0,0.8,2.4000000000000004,5.5,13.6,0.0,0.0,0.0,0.0,0.0,0.0,0.0,0.0,1.8,1.8,0.0,0.0,0.0,0.0,0.0,0.0,0.0,0.0,3.3,14.700000000000001,0.0,0.0,0.0,0.0,0.0,0.0,0.0,0.0,5.2,13.299999999999999,0.0,0.0,0.0,0.0,0.0,0.0,0.0,0.0,1.2,1.2,0.0,0.0,0.0,0.0,0.0,0.0,0.0,0.0,5.6000000000000005,15.9,0.0,0.0,0.0,0.0,0.0,0.0,0.0,0.0,7.6,16.1,0.0,0.0,0.0,0.0,0.0,0.0,0.0,0.0,1.7000000000000002,22.900000000000002,0.0,0.0,0.0,0.0,0.0,0.0,0.0,0.0,5.3,19.5,0.0,0.0,0.0,0.0,0.0,0.0,0.0,0.0,15.7,23.3,0.0,0.0,0.0,0.0,0.0,0.0,0.0,0.0,5.699999999999999,16.599999999999998,0.0
2026-09-23 14:00:00+00:00,28.0,2.06,84.3,2.56,245.0,6.08,2.42,910.44,246.0,2.24,266,-0.9911140639934546,14,-0.4999999999999997,-0.8660254037844388,0.0,4.5,5.5,5.7,3.2,2.04,2.09,2.04,2.09,0.0,0.0,91.5,87.1,91.5,87.1,-2.799999999999997,-7.200000000000003,0.0,248.0,268.0,248.0,0.0,6.09,6.16,6.09,0.0,0.0,0.0,0.0,177.0,2.48,2.58,-0.0100000000000002,193.0,220.0,-3.0,0.0,0.0,0.0,0.0,0.0,0.0,0.0,0.0,0.0,0.0,0.0,0.0,0.0,0.0,0.0,0.0,0.0,0.0,0.0,0.0,0.0,0.0,0.0,0.0,0.0,0.0,0.0,7.5,7.5,0.0,0.0,0.0,0.0,0.0,0.0,0.0,0.0,27.5,27.5,0.0,0.0,0.0,0.0,0.0,0.0,0.0,0.0,22.900000000000002,22.900000000000002,0.0,0.0,0.0,0.0,0.0,0.0,0.0,0.0,5.7,19.6,0.0,0.0,0.0,0.0,0.0,0.0,0.0,0.0,3.8,8.9,0.0,0.0,0.0,0.0,0.0,0.0,0.0,0.0,7.7,19.1,0.0,0.0,0.0,0.0,0.0,0.0,0.0,0.0,4.8,11.9,0.0,0.0,0.0,0.0,0.0,0.0,0.0,0.0,9.6,16.8,0.0,0.0,0.0,0.0,0.0,0.0,0.0,0.0,6.5,14.6,0.0,0.0,0.0,0.0,0.0,0.0,0.775,2.4000000000000004,5.5,13.6,0.0,0.0,0.0,0.0,0.0,0.0,0.0,0.0,1.8,1.8,0.0,0.0,0.0,0.0,0.0,0.0,0.0,0.0,3.3,14.700000000000001,0.0,0.0,0.0,0.0,0.0,0.0,0.0,0.0,5.2,13.299999999999999,0.0,0.0,0.0,0.0,0.0,0.0,0.0,0.0,1.2,1.2,0.0,0.0,0.0,0.0,0.0,0.0,0.0,0.0,5.6000000000000005,15.9,0.0,0.0,0.0,0.0,0.0,0.0,0.0,0.0,7.6,16.1,0.0,0.0,0.0,0.0,0.0,0.0,0.0,0.0,1.7000000000000002,22.900000000000002,0.0,0.0,0.0,0.0,0.0,0.0,0.0,0.0,5.3,19.5,0.0,0.0,0.0,0.0,0.0,0.0,0.0,0.0,15.7,23.3,0.0,0.0,0.0,0.0,0.0,0.0,0.0,0.0,5.699999999999999,16.599999999999998,0.0
2026-09-23 15:30:00+00:00,28.8,2.07,82.9,2.55,245.0,6.08,2.42,910.41,241.0,2.22,266,-0.9911140639934546,15,-0.7071067811865471,-0.7071067811865479,0.0,4.5,5.5,5.625,3.2,2.04,2.08,2.04,2.08,0.0099999999999997,0.0099999999999997,91.5,85.7,91.5,85.7,-1.3999999999999917,-7.099999999999994,0.0,248.0,268.0,248.0,0.0,6.09,6.16,6.09,0.0,0.0,0.0,0.0,177.0,2.47,2.57,0.0,190.0,218.0,0.0,0.0,0.0,0.0,0.0,0.0,0.0,0.0,0.0,0.0,0.0,0.0,0.0,0.0,0.0,0.0,0.0,0.0,0.0,0.0,0.0,0.0,0.0,0.0,0.0,0.0,0.0,0.0,7.5,7.5,0.0,0.0,0.0,0.0,0.0,0.0,0.0,0.0,27.5,27.5,0.0,0.0,0.0,0.0,0.0,0.0,0.0,0.0,22.900000000000002,22.900000000000002,0.0,0.0,0.0,0.0,0.0,0.0,0.0,0.0,5.7,19.6,0.0,0.0,0.0,0.0,0.0,0.0,0.0,0.0,3.8,8.9,0.0,0.0,0.0,0.0,0.0,0.0,0.0,0.0,7.7,19.1,0.0,0.0,0.0,0.0,0.0,0.0,0.0,0.0,4.8,11.9,0.0,0.0,0.0,0.0,0.0,0.0,0.0,0.0,9.6,16.8,0.0,0.0,0.0,0.0,0.0,0.0,0.0,0.0,6.5,14.6,0.0,0.0,0.0,0.0,0.0,0.0,0.7,2.4000000000000004,5.5,13.6,0.0,0.0,0.0,0.0,0.0,0.0,0.0,0.0,1.8,1.8,0.0,0.0,0.0,0.0,0.0,0.0,0.0,0.0,3.3,14.700000000000001,0.0,0.0,0.0,0.0,0.0,0.0,0.0,0.0,5.2,13.299999999999999,0.0,0.0,0.0,0.0,0.0,0.0,0.0,0.0,1.2,1.2,0.0,0.0,0.0,0.0,0.0,0.0,0.0,0.0,5.6000000000000005,15.9,0.0,0.0,0.0,0.0,0.0,0.0,0.0,0.0,7.6,16.1,0.0,0.0,0.0,0.0,0.0,0.0,0.0,0.0,1.7000000000000002,22.900000000000002,0.0,0.0,0.0,0.0,0.0,0.0,0.0,0.0,5.3,19.5,0.0,0.0,0.0,0.0,0.0,0.0,0.0,0.0,15.7,23.3,0.0,0.0,0.0,0.0,0.0,0.0,0.0,0.0,5.699999999999999,16.599999999999998,0.0
2026-09-23 16:00:00+00:00,28.8,2.07,82.9,2.55,243.0,6.07,2.42,910.32,266.0,2.32,266,-0.9911140639934546,16,-0.8660254037844384,-0.5000000000000004,0.0,4.5,5.5,5.6000000000000005,3.025,2.04,2.08,2.04,2.08,0.0,0.0099999999999997,93.0,85.7,93.0,85.7,0.0,-5.699999999999989,0.0,248.0,266.0,248.0,0.0,6.09,6.15,6.09,0.0,0.0,0.0,0.0,177.0,2.46,2.56,-0.0100000000000002,188.0,215.0,-3.0,0.0,0.0,0.0,0.0,0.0,0.0,0.0,0.0,0.0,0.0,0.0,0.0,0.0,0.0,0.0,0.0,0.0,0.0,0.0,0.0,0.0,0.0,0.0,0.0,0.0,0.0,0.0,7.5,7.5,0.0,0.0,0.0,0.0,0.0,0.0,0.0,0.0,27.5,27.5,0.0,0.0,0.0,0.0,0.0,0.0,0.0,0.0,22.900000000000002,22.900000000000002,0.0,0.0,0.0,0.0,0.0,0.0,0.0,0.0,5.7,19.6,0.0,0.0,0.0,0.0,0.0,0.0,0.0,0.0,3.8,8.9,0.0,0.0,0.0,0.0,0.0,0.0,0.0,0.0,7.7,19.1,0.0,0.0,0.0,0.0,0.0,0.0,0.0,0.0,4.8,11.9,0.0,0.0,0.0,0.0,0.0,0.0,0.0,0.0,9.6,16.8,0.0,0.0,0.0,0.0,0.0,0.0,0.0,0.0,6.5,14.6,0.0,0.0,0.0,0.0,0.0,0.0,0.65,2.4000000000000004,5.5,13.6,0.0,0.0,0.0,0.0,0.0,0.0,0.0,0.0,1.8,1.8,0.0,0.0,0.0,0.0,0.0,0.0,0.0,0.0,3.3,14.700000000000001,0.0,0.0,0.0,0.0,0.0,0.0,0.0,0.0,5.2,13.299999999999999,0.0,0.0,0.0,0.0,0.0,0.0,0.0,0.0,1.2,1.2,0.0,0.0,0.0,0.0,0.0,0.0,0.0,0.0,5.6000000000000005,15.9,0.0,0.0,0.0,0.0,0.0,0.0,0.0,0.0,7.6,16.1,0.0,0.0,0.0,0.0,0.0,0.0,0.0,0.0,1.7000000000000002,22.900000000000002,0.0,0.0,0.0,0.0,0.0,0.0,0.0,0.0,5.3,19.5,0.0,0.0,0.0,0.0,0.0,0.0,0.0,0.0,15.7,23.3,0.0,0.0,0.0,0.0,0.0,0.0,0.0,0.0,5.699999999999999,16.599999999999998,0.0
2026-09-23 16:30:00+00:00,28.0,2.06,84.3,2.56,240.0,6.06,2.42,910.25,277.0,2.36,266,-0.9911140639934546,16,-0.8660254037844384,-0.5000000000000004,0.0,4.5,5.5,5.6000000000000005,2.675,2.05,2.08,2.05,2.08,-0.0099999999999997,0.0,93.0,85.7,93.0,85.7,1.3999999999999917,-5.700000000000003,0.0,248.0,266.0,248.0,-3.0,6.09,6.15,6.09,-0.0100000000000006,0.0,0.0,0.0,177.0,2.46,2.56,0.0,188.0,215.0,0.0,0.0,0.0,0.0,0.0,0.0,0.0,0.0,0.0,0.0,0.0,0.0,0.0,0.0,0.0,0.0,0.0,0.0,0.0,0.0,0.0,0.0,0.0,0.0,0.0,0.0,0.0,0.0,7.5,7.5,0.0,0.0,0.0,0.0,0.0,0.0,0.0,0.0,27.5,27.5,0.0,0.0,0.0,0.0,0.0,0.0,0.0,0.0,22.900000000000002,22.900000000000002,0.0,0.0,0.0,0.0,0.0,0.0,0.0,0.0,5.7,19.6,0.0,0.0,0.0,0.0,0.0,0.0,0.0,0.0,3.8,8.9,0.0,0.0,0.0,0.0,0.0,0.0,0.0,0.0,7.7,19.1,0.0,0.0,0.0,0.0,0.0,0.0,0.0,0.0,4.8,11.9,0.0,0.0,0.0,0.0,0.0,0.0,0.0,0.0,9.6,16.8,0.0,0.0,0.0,0.0,0.0,0.0,0.0,0.0,6.5,14.6,0.0,0.0,0.0,0.0,0.0,0.0,0.55,2.4000000000000004,5.5,13.6,0.0,0.0,0.0,0.0,0.0,0.0,0.0,0.0,1.8,1.8,0.0,0.0,0.0,0.0,0.0,0.0,0.0,0.0,3.3,14.700000000000001,0.0,0.0,0.0,0.0,0.0,0.0,0.0,0.0,5.2,13.299999999999999,0.0,0.0,0.0,0.0,0.0,0.0,0.0,0.0,1.2,1.2,0.0,0.0,0.0,0.0,0.0,0.0,0.0,0.0,5.6000000000000005,15.9,0.0,0.0,0.0,0.0,0.0,0.0,0.0,0.0,7.6,16.1,0.0,0.0,0.0,0.0,0.0,0.0,0.0,0.0,1.7000000000000002,22.900000000000002,0.0,0.0,0.0,0.0,0.0,0.0,0.0,0.0,5.3,19.5,0.0,0.0,0.0,0.0,0.0,0.0,0.0,0.0,15.7,23.3,0.0,0.0,0.0,0.0,0.0,0.0,0.0,0.0,5.699999999999999,16.599999999999998,0.0
2026-09-23 17:00:00+00:00,28.0,2.06,85.7,2.57,243.0,6.07,2.43,910.21,279.0,2.37,266,-0.9911140639934546,17,-0.9659258262890684,-0.2588190451025206,0.0,4.5,5.475,5.375,2.475,2.05,2.07,2.05,2.07,-0.0099999999999997,0.0100000000000002,91.5,87.1,91.5,87.1,2.799999999999997,-2.8999999999999915,0.0,248.0,263.0,248.0,-2.0,6.09,6.14,6.09,-0.0099999999999997,0.0,0.0,0.0,180.0,2.45,2.55,0.0100000000000002,185.0,212.0,3.0,0.0,0.0,0.0,0.0,0.0,0.0,0.0,0.0,0.0,0.0,0.0,0.0,0.0,0.0,0.0,0.0,0.0,0.0,0.0,0.0,0.0,0.0,0.0,0.0,0.0,0.0,0.0,7.5,7.5,0.0,0.0,0.0,0.0,0.0,0.0,0.0,0.0,27.5,27.5,0.0,0.0,0.0,0.0,0.0,0.0,0.0,0.0,22.900000000000002,22.900000000000002,0.0,0.0,0.0,0.0,0.0,0.0,0.0,0.0,5.7,19.6,0.0,0.0,0.0,0.0,0.0,0.0,0.0,0.0,3.8,8.9,0.0,0.0,0.0,0.0,0.0,0.0,0.0,0.0,7.7,19.1,0.0,0.0,0.0,0.0,0.0,0.0,0.0,0.0,4.8,11.9,0.0,0.0,0.0,0.0,0.0,0.0,0.0,0.0,9.6,16.8,0.0,0.0,0.0,0.0,0.0,0.0,0.0,0.0,6.5,14.6,0.0,0.0,0.0,0.0,0.0,0.0,0.45000000000000007,2.4000000000000004,5.5,13.6,0.0,0.0,0.0,0.0,0.0,0.0,0.0,0.0,1.8,1.8,0.0,0.0,0.0,0.0,0.0,0.0,0.0,0.0,3.3,14.700000000000001,0.0,0.0,0.0,0.0,0.0,0.0,0.0,0.0,5.2,13.299999999999999,0.0,0.0,0.0,0.0,0.0,0.0,0.0,0.0,1.2,1.2,0.0,0.0,0.0,0.0,0.0,0.0,0.0,0.0,5.6000000000000005,15.9,0.0,0.0,0.0,0.0,0.0,0.0,0.0,0.0,7.6,16.1,0.0,0.0,0.0,0.0,0.0,0.0,0.0,0.0,1.7000000000000002,22.900000000000002,0.0,0.0,0.0,0.0,0.0,0.0,0.0,0.0,5.3,19.5,0.0,0.0,0.0,0.0,0.0,0.0,0.0,0.0,15.7,23.3,0.0,0.0,0.0,0.0,0.0,0.0,0.0,0.0,5.699999999999999,16.599999999999998,0.0
2026-09-23 17:30:00+00:00,27.2,2.05,85.7,2.57,245.0,6.08,2.42,910.17,271.0,2.34,266,-0.9911140639934546,17,-0.9659258262890684,-0.2588190451025206,0.0,4.5,5.425,4.925,2.425,2.06,2.07,2.06,2.07,-0.02,-0.0100000000000002,91.5,88.6,91.5,88.6,2.799999999999997,-1.3999999999999917,-0.0100000000000002,248.0,266.0,248.0,2.0,6.09,6.15,6.09,0.0099999999999997,0.0,0.0,0.0,177.0,2.45,2.56,0.0,185.0,215.0,0.0,0.0,0.0,0.0,0.0,0.0,0.0,0.0,0.0,0.0,0.0,0.0,0.0,0.0,0.0,0.0,0.0,0.0,0.0,0.0,0.0,0.0,0.0,0.0,0.0,0.0,0.0,0.0,7.5,7.5,0.0,0.0,0.0,0.0,0.0,0.0,0.0,0.0,27.5,27.5,0.0,0.0,0.0,0.0,0.0,0.0,0.0,0.0,22.900000000000002,22.900000000000002,0.0,0.0,0.0,0.0,0.0,0.0,0.0,0.0,5.7,19.6,0.0,0.0,0.0,0.0,0.0,0.0,0.0,0.0,3.8,8.9,0.0,0.0,0.0,0.0,0.0,0.0,0.0,0.0,7.7,19.1,0.0,0.0,0.0,0.0,0.0,0.0,0.0,0.0,4.8,11.9,0.0,0.0,0.0,0.0,0.0,0.0,0.0,0.0,9.6,16.8,0.0,0.0,0.0,0.0,0.0,0.0,0.0,0.0,6.5,14.6,0.0,0.0,0.0,0.0,0.0,0.0,0.35,2.4000000000000004,5.5,13.6,0.0,0.0,0.0,0.0,0.0,0.0,0.0,0.0,1.8,1.8,0.0,0.0,0.0,0.0,0.0,0.0,0.0,0.0,3.3,14.700000000000001,0.0,0.0,0.0,0.0,0.0,0.0,0.0,0.0,5.2,13.299999999999999,0.0,0.0,0.0,0.0,0.0,0.0,0.0,0.0,1.2,1.2,0.0,0.0,0.0,0.0,0.0,0.0,0.0,0.0,5.6000000000000005,15.9,0.0,0.0,0.0,0.0,0.0,0.0,0.0,0.0,7.6,16.1,0.0,0.0,0.0,0.0,0.0,0.0,0.0,0.0,1.7000000000000002,22.900000000000002,0.0,0.0,0.0,0.0,0.0,0.0,0.0,0.0,5.3,19.5,0.0,0.0,0.0,0.0,0.0,0.0,0.0,0.0,15.7,23.3,0.0,0.0,0.0,0.0,0.0,0.0,0.0,0.0,5.699999999999999,16.599999999999998,0.0
2026-09-23 18:00:00+00:00,27.2,2.05,87.1,2.58,243.0,6.07,2.41,910.14,266.0,2.32,266,-0.9911140639934546,18,-1.0,-1.8369701987210294e-16,0.0,4.45,5.35,4.7,2.4,2.06,2.07,2.06,2.07,-0.0100000000000002,-0.0100000000000002,91.5,90.0,91.5,90.0,2.799999999999997,0.0,0.0,248.0,263.0,248.0,3.0,6.09,6.14,6.09,0.0100000000000006,0.0,0.0,0.0,175.0,2.45,2.55,-0.0099999999999997,185.0,212.0,-2.0,0.0,0.0,0.0,0.0,0.0,0.0,0.0,0.0,0.0,0.0,0.0,0.0,0.0,0.0,0.0,0.0,0.0,0.0,0.0,0.0,0.0,0.0,0.0,0.0,0.0,0.0,0.0,7.5,7.5,0.0,0.0,0.0,0.0,0.0,0.0,0.0,0.0,27.5,27.5,0.0,0.0,0.0,0.0,0.0,0.0,0.0,0.0,22.900000000000002,22.900000000000002,0.0,0.0,0.0,0.0,0.0,0.0,0.0,0.0,5.7,19.6,0.0,0.0,0.0,0.0,0.0,0.0,0.0,0.0,3.775,8.9,0.0,0.0,0.0,0.0,0.0,0.0,0.0,0.0,7.7,19.1,0.0,0.0,0.0,0.0,0.0,0.0,0.0,0.0,4.7749999999999995,11.9,0.0,0.0,0.0,0.0,0.0,0.0,0.0,0.0,9.6,16.8,0.0,0.0,0.0,0.0,0.0,0.0,0.0,0.0,6.4750000000000005,14.6,0.0,0.0,0.0,0.0,0.0,0.0,0.30000000000000004,2.4000000000000004,5.4750000000000005,13.6,0.0,0.0,0.0,0.0,0.0,0.0,0.0,0.0,1.8,1.8,0.0,0.0,0.0,0.0,0.0,0.0,0.0,0.0,3.3,14.700000000000001,0.0,0.0,0.0,0.0,0.0,0.0,0.0,0.0,5.175,13.299999999999999,0.0,0.0,0.0,0.0,0.0,0.0,0.0,0.0,1.2,1.2,0.0,0.0,0.0,0.0,0.0,0.0,0.0,0.0,5.575000000000001,15.9,0.0,0.0,0.0,0.0,0.0,0.0,0.0,0.0,7.575,16.1,0.0,0.0,0.0,0.0,0.0,0.0,0.0,0.0,1.7000000000000002,22.900000000000002,0.0,0.0,0.0,0.0,0.0,0.0,0.0,0.0,5.275,19.5,0.0,0.0,0.0,0.0,0.0,0.0,0.0,0.0,15.674999999999999,23.3,0.0,0.0,0.0,0.0,0.0,0.0,0.0,0.0,5.6499999999999995,16.599999999999998,0.0
2026-09-23 18:30:00+00:00,27.2,2.05,87.1,2.58,245.0,6.08,2.42,910.16,258.0,2.29,266,-0.9911140639934546,18,-1.0,-1.8369701987210294e-16,0.0,4.35,5.25,4.7,2.4,2.06,2.06,2.06,2.06,-0.0100000000000002,-0.0100000000000002,91.5,90.0,91.5,90.0,1.3999999999999917,0.0,0.0,248.0,263.0,248.0,2.0,6.09,6.14,6.09,0.0099999999999997,0.0,0.0,0.0,177.0,2.44,2.55,-0.0100000000000002,182.0,212.0,-3.0,0.0,0.0,0.0,0.0,0.0,0.0,0.0,0.0,0.0,0.0,0.0,0.0,0.0,0.0,0.0,0.0,0.0,0.0,0.0,0.0,0.0,0.0,0.0,0.0,0.0,0.0,0.0,7.5,7.5,0.0,0.0,0.0,0.0,0.0,0.0,0.0,0.0,27.5,27.5,0.0,0.0,0.0,0.0,0.0,0.0,0.0,0.0,22.900000000000002,22.900000000000002,0.0,0.0,0.0,0.0,0.0,0.0,0.0,0.0,5.7,19.6,0.0,0.0,0.0,0.0,0.0,0.0,0.0,0.0,3.725,8.9,0.0,0.0,0.0,0.0,0.0,0.0,0.0,0.0,7.7,19.1,0.0,0.0,0.0,0.0,0.0,0.0,0.0,0.0,4.725,11.9,0.0,0.0,0.0,0.0,0.0,0.0,0.0,0.0,9.6,16.8,0.0,0.0,0.0,0.0,0.0,0.0,0.0,0.0,6.425,14.6,0.0,0.0,0.0,0.0,0.0,0.0,0.30000000000000004,2.4000000000000004,5.425,13.6,0.0,0.0,0.0,0.0,0.0,0.0,0.0,0.0,1.8,1.8,0.0,0.0,0.0,0.0,0.0,0.0,0.0,0.0,3.3,14.700000000000001,0.0,0.0,0.0,0.0,0.0,0.0,0.0,0.0,5.125,13.299999999999999,0.0,0.0,0.0,0.0,0.0,0.0,0.0,0.0,1.2,1.2,0.0,0.0,0.0,0.0,0.0,0.0,0.0,0.0,5.525,15.9,0.0,0.0,0.0,0.0,0.0,0.0,0.0,0.0,7.525,16.1,0.0,0.0,0.0,0.0,0.0,0.0,0.0,0.0,1.7000000000000002,22.900000000000002,0.0,0.0,0.0,0.0,0.0,0.0,0.0,0.0,5.225,19.5,0.0,0.0,0.0,0.0,0.0,0.0,0.0,0.0,15.625,23.3,0.0,0.0,0.0,0.0,0.0,0.0,0.0,0.0,5.55,16.599999999999998,0.0
2026-09-23 19:00:00+00:00,27.2,2.05,87.1,2.58,243.0,6.07,2.42,910.19,211.0,2.09,266,-0.9911140639934546,19,-0.9659258262890684,0.2588190451025203,0.0,4.3,5.2,4.7,2.4,2.06,2.06,2.06,2.06,0.0,-0.0100000000000002,90.0,88.6,90.0,88.6,1.3999999999999917,1.3999999999999917,0.0099999999999997,248.0,263.0,248.0,-2.0,6.09,6.14,6.09,-0.0099999999999997,0.0,0.0,0.0,177.0,2.44,2.56,0.0,182.0,215.0,0.0,0.0,0.0,0.0,0.0,0.0,0.0,0.0,0.0,0.0,0.0,0.0,0.0,0.0,0.0,0.0,0.0,0.0,0.0,0.0,0.0,0.0,0.0,0.0,0.0,0.0,0.0,0.0,7.5,7.5,0.0,0.0,0.0,0.0,0.0,0.0,0.0,0.0,27.5,27.5,0.0,0.0,0.0,0.0,0.0,0.0,0.0,0.0,22.900000000000002,22.900000000000002,0.0,0.0,0.0,0.0,0.0,0.0,0.0,0.0,5.675,19.6,0.0,0.0,0.0,0.0,0.0,0.0,0.0,0.0,3.65,8.9,0.0,0.0,0.0,0.0,0.0,0.0,0.0,0.0,7.7,19.1,0.0,0.0,0.0,0.0,0.0,0.0,0.0,0.0,4.675,11.9,0.0,0.0,0.0,0.0,0.0,0.0,0.0,0.0,9.575,16.8,0.0,0.0,0.0,0.0,0.0,0.0,0.0,0.0,6.375,14.6,0.0,0.0,0.0,0.0,0.0,0.0,0.275,2.375,5.375,13.6,0.0,0.0,0.0,0.0,0.0,0.0,0.0,0.0,1.8,1.8,0.0,0.0,0.0,0.0,0.0,0.0,0.0,0.0,3.3,14.700000000000001,0.0,0.0,0.0,0.0,0.0,0.0,0.0,0.0,5.075,13.299999999999999,0.0,0.0,0.0,0.0,0.0,0.0,0.0,0.0,1.2,1.2,0.0,0.0,0.0,0.0,0.0,0.0,0.0,0.0,5.4750000000000005,15.9,0.0,0.0,0.0,0.0,0.0,0.0,0.0,0.0,7.475,16.1,0.0,0.0,0.0,0.0,0.0,0.0,0.0,0.0,1.675,22.900000000000002,0.0,0.0,0.0,0.0,0.0,0.0,0.0,0.0,5.2,19.5,0.0,0.0,0.0,0.0,0.0,0.0,0.0,0.0,15.575,23.3,0.0,0.0,0.0,0.0,0.0,0.0,0.0,0.0,5.499999999999999,16.599999999999998,0.0
2026-09-23 19:30:00+00:00,26.4,2.04,87.1,2.58,245.0,6.08,2.42,910.17,229.0,2.17,266,-0.9911140639934546,19,-0.9659258262890684,0.2588190451025203,0.0,4.3,5.2,4.7,2.4,2.06,2.05,2.06,2.05,-0.0099999999999997,-0.02,91.5,90.0,91.5,90.0,0.0,1.3999999999999917,0.0,248.0,263.0,248.0,2.0,6.09,6.14,6.09,0.0099999999999997,0.0,0.0,0.0,177.0,2.44,2.55,0.0099999999999997,182.0,212.0,2.0,0.0,0.0,0.0,0.0,0.0,0.0,0.0,0.0,0.0,0.0,0.0,0.0,0.0,0.0,0.0,0.0,0.0,0.0,0.0,0.0,0.0,0.0,0.0,0.0,0.0,0.0,0.0,7.5,7.5,0.0,0.0,0.0,0.0,0.0,0.0,0.0,0.0,27.5,27.5,0.0,0.0,0.0,0.0,0.0,0.0,0.0,0.0,22.900000000000002,22.900000000000002,0.0,0.0,0.0,0.0,0.0,0.0,0.0,0.0,5.625,19.6,0.0,0.0,0.0,0.0,0.0,0.0,0.0,0.0,3.55,8.9,0.0,0.0,0.0,0.0,0.0,0.0,0.0,0.0,7.7,19.1,0.0,0.0,0.0,0.0,0.0,0.0,0.0,0.0,4.625,11.9,0.0,0.0,0.0,0.0,0.0,0.0,0.0,0.0,9.525,16.8,0.0,0.0,0.0,0.0,0.0,0.0,0.0,0.0,6.325,14.6,0.0,0.0,0.0,0.0,0.0,0.0,0.225,2.325,5.325,13.6,0.0,0.0,0.0,0.0,0.0,0.0,0.0,0.0,1.8,1.8,0.0,0.0,0.0,0.0,0.0,0.0,0.0,0.0,3.3,14.700000000000001,0.0,0.0,0.0,0.0,0.0,0.0,0.0,0.0,5.025,13.299999999999999,0.0,0.0,0.0,0.0,0.0,0.0,0.0,0.0,1.2,1.2,0.0,0.0,0.0,0.0,0.0,0.0,0.0,0.0,5.425000000000001,15.9,0.0,0.0,0.0,0.0,0.0,0.0,0.0,0.0,7.425,16.1,0.0,0.0,0.0,0.0,0.0,0.0,0.0,0.0,1.6250000000000002,22.900000000000002,0.0,0.0,0.0,0.0,0.0,0.0,0.0,0.0,5.2,19.5,0.0,0.0,0.0,0.0,0.0,0.0,0.0,0.0,15.524999999999999,23.3,0.0,0.0,0.0,0.0,0.0,0.0,0.0,0.0,5.499999999999999,16.599999999999998,0.0
2026-09-23 20:00:00+00:00,26.4,2.04,88.6,2.59,245.0,6.08,2.42,910.12,244.0,2.23,266,-0.9911140639934546,20,-0.8660254037844386,0.5000000000000001,0.0,4.3,5.2,4.675,2.4,2.06,2.05,2.06,2.05,-0.0099999999999997,-0.02,91.5,91.5,91.5,91.5,1.5,4.299999999999997,0.0,248.0,263.0,248.0,0.0,6.09,6.14,6.09,0.0,0.0,0.0,0.0,177.0,2.44,2.54,0.0,182.0,209.0,0.0,0.0,0.0,0.0,0.0,0.0,0.0,0.0,0.0,0.0,0.0,0.0,0.0,0.0,0.0,0.0,0.0,0.0,0.0,0.0,0.0,0.0,0.0,0.0,0.0,0.0,0.0,0.0,7.5,7.5,0.0,0.0,0.0,0.0,0.0,0.0,0.0,0.0,27.5,27.5,0.0,0.0,0.0,0.0,0.0,0.0,0.0,0.0,22.900000000000002,22.900000000000002,0.0,0.0,0.0,0.0,0.0,0.0,0.0,0.0,5.6000000000000005,19.6,0.0,0.0,0.0,0.0,0.0,0.0,0.0,0.0,3.5,8.9,0.0,0.0,0.0,0.0,0.0,0.0,0.0,0.0,7.7,19.1,0.0,0.0,0.0,0.0,0.0,0.0,0.0,0.0,4.6,11.9,0.0,0.0,0.0,0.0,0.0,0.0,0.0,0.0,9.475,16.8,0.0,0.0,0.0,0.0,0.0,0.0,0.0,0.0,6.3,14.6,0.0,0.0,0.0,0.0,0.0,0.0,0.17500000000000002,2.2750000000000004,5.3,13.6,0.0,0.0,0.0,0.0,0.0,0.0,0.0,0.0,1.8,1.8,0.0,0.0,0.0,0.0,0.0,0.0,0.0,0.0,3.3,14.700000000000001,0.0,0.0,0.0,0.0,0.0,0.0,0.0,0.0,5.0,13.299999999999999,0.0,0.0,0.0,0.0,0.0,0.0,0.0,0.0,1.2,1.2,0.0,0.0,0.0,0.0,0.0,0.0,0.0,0.0,5.4,15.9,0.0,0.0,0.0,0.0,0.0,0.0,0.0,0.0,7.4,16.1,0.0,0.0,0.0,0.0,0.0,0.0,0.0,0.0,1.6,22.900000000000002,0.0,0.0,0.0,0.0,0.0,0.0,0.0,0.0,5.175,19.5,0.0,0.0,0.0,0.0,0.0,0.0,0.0,0.0,15.5,23.3,0.0,0.0,0.0,0.0,0.0,0.0,0.0,0.0,5.499999999999999,16.599999999999998,0.0
2026-09-23 20:30:00+00:00,26.4,2.04,90.0,2.6,245.0,6.08,2.41,910.09,248.0,2.25,266,-0.9911140639934546,20,-0.8660254037844386,0.5000000000000001,0.0,4.3,5.2,4.625,2.4,2.06,2.04,2.06,2.04,-0.0099999999999997,-0.0299999999999998,90.0,90.0,90.0,90.0,2.9000000000000057,7.099999999999994,0.0,248.0,260.0,248.0,2.0,6.09,6.13,6.09,0.0099999999999997,0.0,0.0,0.0,175.0,2.43,2.53,-0.0099999999999997,180.0,206.0,-2.0,0.0,0.0,0.0,0.0,0.0,0.0,0.0,0.0,0.0,0.0,0.0,0.0,0.0,0.0,0.0,0.0,0.0,0.0,0.0,0.0,0.0,0.0,0.0,0.0,0.0,0.0,0.0,7.5,7.5,0.0,0.0,0.0,0.0,0.0,0.0,0.0,0.0,27.5,27.5,0.0,0.0,0.0,0.0,0.0,0.0,0.0,0.0,22.900000000000002,22.900000000000002,0.0,0.0,0.0,0.0,0.0,0.0,0.0,0.0,5.6000000000000005,19.6,0.0,0.0,0.0,0.0,0.0,0.0,0.0,0.0,3.5,8.9,0.0,0.0,0.0,0.0,0.0,0.0,0.0,0.0,7.7,19.1,0.0,0.0,0.0,0.0,0.0,0.0,0.0,0.0,4.6,11.9,0.0,0.0,0.0,0.0,0.0,0.0,0.0,0.0,9.425,16.8,0.0,0.0,0.0,0.0,0.0,0.0,0.0,0.0,6.3,14.6,0.0,0.0,0.0,0.0,0.0,0.0,0.125,2.225,5.3,13.6,0.0,0.0,0.0,0.0,0.0,0.0,0.0,0.0,1.8,1.8,0.0,0.0,0.0,0.0,0.0,0.0,0.0,0.0,3.3,14.700000000000001,0.0,0.0,0.0,0.0,0.0,0.0,0.0,0.0,5.0,13.299999999999999,0.0,0.0,0.0,0.0,0.0,0.0,0.0,0.0,1.2,1.2,0.0,0.0,0.0,0.0,0.0,0.0,0.0,0.0,5.4,15.9,0.0,0.0,0.0,0.0,0.0,0.0,0.0,0.0,7.4,16.1,0.0,0.0,0.0,0.0,0.0,0.0,0.0,0.0,1.6,22.900000000000002,0.0,0.0,0.0,0.0,0.0,0.0,0.0,0.0,5.125,19.5,0.0,0.0,0.0,0.0,0.0,0.0,0.0,0.0,15.5,23.3,0.0,0.0,0.0,0.0,0.0,0.0,0.0,0.0,5.499999999999999,16.599999999999998,0.0
2026-09-23 21:00:00+00:00,25.7,2.03,90.0,2.6,240.0,6.06,2.42,910.06,248.0,2.25,266,-0.9911140639934546,21,-0.7071067811865477,0.7071067811865474,0.0,4.3,5.2,4.6000000000000005,2.4,2.06,2.04,2.06,2.04,-0.0100000000000002,-0.04,91.5,91.5,91.5,91.5,2.9000000000000057,7.099999999999994,-0.0100000000000002,248.0,257.0,248.0,-5.0,6.09,6.12,6.09,-0.0200000000000004,0.0,0.0,0.0,177.0,2.43,2.54,0.0,180.0,209.0,0.0,0.0,0.0,0.0,0.0,0.0,0.0,0.0,0.0,0.0,0.0,0.0,0.0,0.0,0.0,0.0,0.0,0.0,0.0,0.0,0.0,0.0,0.0,0.0,0.0,0.0,0.0,0.0,7.5,7.5,0.0,0.0,0.0,0.0,0.0,0.0,0.0,0.0,27.5,27.5,0.0,0.0,0.0,0.0,0.0,0.0,0.0,0.0,22.900000000000002,22.900000000000002,0.0,0.0,0.0,0.0,0.0,0.0,0.0,0.0,5.6000000000000005,19.6,0.0,0.0,0.0,0.0,0.0,0.0,0.0,0.0,3.5,8.9,0.0,0.0,0.0,0.0,0.0,0.0,0.0,0.0,7.65,19.1,0.0,0.0,0.0,0.0,0.0,0.0,0.0,0.0,4.6,11.9,0.0,0.0,0.0,0.0,0.0,0.0,0.0,0.0,9.4,16.8,0.0,0.0,0.0,0.0,0.0,0.0,0.0,0.0,6.3,14.6,0.0,0.0,0.0,0.0,0.0,0.0,0.07500000000000001,2.0,5.3,13.6,0.0,0.0,0.0,0.0,0.0,0.0,0.0,0.0,1.8,1.8,0.0,0.0,0.0,0.0,0.0,0.0,0.0,0.0,3.25,14.700000000000001,0.0,0.0,0.0,0.0,0.0,0.0,0.0,0.0,5.0,13.299999999999999,0.0,0.0,0.0,0.0,0.0,0.0,0.0,0.0,1.2,1.2,0.0,0.0,0.0,0.0,0.0,0.0,0.0,0.0,5.375000000000001,15.9,0.0,0.0,0.0,0.0,0.0,0.0,0.0,0.0,7.4,16.1,0.0,0.0,0.0,0.0,0.0,0.0,0.0,0.0,1.6,22.900000000000002,0.0,0.0,0.0,0.0,0.0,0.0,0.0,0.0,5.075,19.5,0.0,0.0,0.0,0.0,0.0,0.0,0.0,0.0,15.5,23.3,0.0,0.0,0.0,0.0,0.0,0.0,0.0,0.0,5.499999999999999,16.599999999999998,0.0
2026-09-23 21:30:00+00:00,25.7,2.03,90.0,2.6,243.0,6.07,2.42,910.04,248.0,2.25,266,-0.9911140639934546,21,-0.7071067811865477,0.7071067811865474,0.0,4.3,5.2,4.6000000000000005,2.4,2.06,2.04,2.06,2.04,-0.0100000000000002,-0.04,90.0,91.5,90.0,91.5,1.4000000000000057,7.099999999999994,0.0,248.0,254.0,248.0,-2.0,6.09,6.11,6.09,-0.0099999999999997,0.0,0.0,0.0,177.0,2.44,2.53,0.0,182.0,206.0,0.0,0.0,0.0,0.0,0.0,0.0,0.0,0.0,0.0,0.0,0.0,0.0,0.0,0.0,0.0,0.0,0.0,0.0,0.0,0.0,0.0,0.0,0.0,0.0,0.0,0.0,0.0,0.0,7.5,7.5,0.0,0.0,0.0,0.0,0.0,0.0,0.0,0.0,27.5,27.5,0.0,0.0,0.0,0.0,0.0,0.0,0.0,0.0,22.900000000000002,22.900000000000002,0.0,0.0,0.0,0.0,0.0,0.0,0.0,0.0,5.6000000000000005,19.6,0.0,0.0,0.0,0.0,0.0,0.0,0.0,0.0,3.5,8.9,0.0,0.0,0.0,0.0,0.0,0.0,0.0,0.0,7.550000000000001,19.1,0.0,0.0,0.0,0.0,0.0,0.0,0.0,0.0,4.6,11.9,0.0,0.0,0.0,0.0,0.0,0.0,0.0,0.0,9.4,16.8,0.0,0.0,0.0,0.0,0.0,0.0,0.0,0.0,6.3,14.6,0.0,0.0,0.0,0.0,0.0,0.0,0.025,1.6,5.3,13.6,0.0,0.0,0.0,0.0,0.0,0.0,0.0,0.0,1.8,1.8,0.0,0.0,0.0,0.0,0.0,0.0,0.0,0.0,3.15,14.700000000000001,0.0,0.0,0.0,0.0,0.0,0.0,0.0,0.0,5.0,13.299999999999999,0.0,0.0,0.0,0.0,0.0,0.0,0.0,0.0,1.2,1.2,0.0,0.0,0.0,0.0,0.0,0.0,0.0,0.0,5.325000000000001,15.9,0.0,0.0,0.0,0.0,0.0,0.0,0.0,0.0,7.4,16.1,0.0,0.0,0.0,0.0,0.0,0.0,0.0,0.0,1.6,22.900000000000002,0.0,0.0,0.0,0.0,0.0,0.0,0.0,0.0,5.025,19.5,0.0,0.0,0.0,0.0,0.0,0.0,0.0,0.0,15.5,23.3,0.0,0.0,0.0,0.0,0.0,0.0,0.0,0.0,5.499999999999999,16.599999999999998,0.0
2026-09-23 22:00:00+00:00,25.7,2.03,90.0,2.6,237.0,6.05,2.42,910.02,244.0,2.23,266,-0.9911140639934546,22,-0.5000000000000004,0.8660254037844384,0.0,4.275,5.125,4.575,2.4,2.06,2.03,2.06,2.03,-0.0100000000000002,-0.04,88.6,91.5,88.6,91.5,0.0,7.099999999999994,0.0,248.0,257.0,248.0,-8.0,6.09,6.12,6.09,-0.0300000000000002,0.0,0.0,0.0,177.0,2.44,2.53,0.0099999999999997,182.0,206.0,2.0,0.0,0.0,0.0,0.0,0.0,0.0,0.0,0.0,0.0,0.0,0.0,0.0,0.0,0.0,0.0,0.0,0.0,0.0,0.0,0.0,0.0,0.0,0.0,0.0,0.0,0.0,0.0,7.5,7.5,0.0,0.0,0.0,0.0,0.0,0.0,0.0,0.0,27.5,27.5,0.0,0.0,0.0,0.0,0.0,0.0,0.0,0.0,22.900000000000002,22.900000000000002,0.0,0.0,0.0,0.0,0.0,0.0,0.0,0.0,5.575,19.6,0.0,0.0,0.0,0.0,0.0,0.0,0.0,0.0,3.5,8.9,0.0,0.0,0.0,0.0,0.0,0.0,0.0,0.0,7.45,19.1,0.0,0.0,0.0,0.0,0.0,0.0,0.0,0.0,4.575,11.9,0.0,0.0,0.0,0.0,0.0,0.0,0.0,0.0,9.4,16.8,0.0,0.0,0.0,0.0,0.0,0.0,0.0,0.0,6.3,14.6,0.0,0.0,0.0,0.0,0.0,0.0,0.0,1.25,5.3,13.6,0.0,0.0,0.0,0.0,0.0,0.0,0.0,0.0,1.8,1.8,0.0,0.0,0.0,0.0,0.0,0.0,0.0,0.0,3.05,14.700000000000001,0.0,0.0,0.0,0.0,0.0,0.0,0.0,0.0,4.975,13.299999999999999,0.0,0.0,0.0,0.0,0.0,0.0,0.0,0.0,1.2,1.2,0.0,0.0,0.0,0.0,0.0,0.0,0.0,0.0,5.275,15.9,0.0,0.0,0.0,0.0,0.0,0.0,0.0,0.0,7.4,16.1,0.0,0.0,0.0,0.0,0.0,0.0,0.0,0.0,1.6,22.900000000000002,0.0,0.0,0.0,0.0,0.0,0.0,0.0,0.0,4.9,19.5,0.0,0.0,0.0,0.0,0.0,0.0,0.0,0.0,15.5,23.3,0.0,0.0,0.0,0.0,0.0,0.0,0.0,0.0,5.499999999999999,16.599999999999998,0.0
2026-09-23 22:30:00+00:00,24.9,2.02,88.6,2.59,243.0,6.07,2.42,909.97,253.0,2.27,266,-0.9911140639934546,22,-0.5000000000000004,0.8660254037844384,0.0,4.225,4.975,4.525,2.4,2.06,2.03,2.06,2.03,-0.0099999999999997,-0.04,90.0,91.5,90.0,91.5,-1.4000000000000057,4.299999999999997,-0.0099999999999997,245.0,257.0,245.0,3.0,6.08,6.12,6.08,0.0100000000000006,0.0,0.0,0.0,177.0,2.44,2.53,0.0,182.0,206.0,0.0,0.0,0.0,0.0,0.0,0.0,0.0,0.0,0.0,0.0,0.0,0.0,0.0,0.0,0.0,0.0,0.0,0.0,0.0,0.0,0.0,0.0,0.0,0.0,0.0,0.0,0.0,0.0,7.5,7.5,0.0,0.0,0.0,0.0,0.0,0.0,0.0,0.0,27.5,27.5,0.0,0.0,0.0,0.0,0.0,0.0,0.0,0.0,22.900000000000002,22.900000000000002,0.0,0.0,0.0,0.0,0.0,0.0,0.0,0.0,5.525,19.6,0.0,0.0,0.0,0.0,0.0,0.0,0.0,0.0,3.5,8.9,0.0,0.0,0.0,0.0,0.0,0.0,0.0,0.0,7.3500000000000005,19.1,0.0,0.0,0.0,0.0,0.0,0.0,0.0,0.0,4.5249999999999995,11.9,0.0,0.0,0.0,0.0,0.0,0.0,0.0,0.0,9.4,16.8,0.0,0.0,0.0,0.0,0.0,0.0,0.0,0.0,6.3,14.6,0.0,0.0,0.0,0.0,0.0,0.0,0.0,0.9500000000000001,5.3,13.6,0.0,0.0,0.0,0.0,0.0,0.0,0.0,0.0,1.8,1.8,0.0,0.0,0.0,0.0,0.0,0.0,0.0,0.0,2.95,14.700000000000001,0.0,0.0,0.0,0.0,0.0,0.0,0.0,0.0,4.925,13.299999999999999,0.0,0.0,0.0,0.0,0.0,0.0,0.0,0.0,1.2,1.2,0.0,0.0,0.0,0.0,0.0,0.0,0.0,0.0,5.2250000000000005,15.9,0.0,0.0,0.0,0.0,0.0,0.0,0.0,0.0,7.4,16.1,0.0,0.0,0.0,0.0,0.0,0.0,0.0,0.0,1.6,22.900000000000002,0.0,0.0,0.0,0.0,0.0,0.0,0.0,0.0,4.7,19.5,0.0,0.0,0.0,0.0,0.0,0.0,0.0,0.0,15.5,23.3,0.0,0.0,0.0,0.0,0.0,0.0,0.0,0.0,5.499999999999999,16.599999999999998,0.0
2026-09-23 23:00:00+00:00,24.9,2.02,88.6,2.59,243.0,6.07,2.42,909.93,256.0,2.28,266,-0.9911140639934546,23,-0.2588190451025215,0.965925826289068,0.0,4.2,4.9,4.45,2.4,2.05,2.03,2.05,2.03,-0.0099999999999997,-0.04,88.6,90.0,88.6,90.0,-1.4000000000000057,2.8999999999999915,0.0,245.0,254.0,245.0,0.0,6.08,6.11,6.08,0.0,0.0,0.0,0.0,177.0,2.43,2.53,0.0,180.0,206.0,0.0,0.0,0.0,0.0,0.0,0.0,0.0,0.0,0.0,0.0,0.0,0.0,0.0,0.0,0.0,0.0,0.0,0.0,0.0,0.0,0.0,0.0,0.0,0.0,0.0,0.0,0.0,0.0,7.5,7.5,0.0,0.0,0.0,0.0,0.0,0.0,0.0,0.0,27.5,27.5,0.0,0.0,0.0,0.0,0.0,0.0,0.0,0.0,22.900000000000002,22.900000000000002,0.0,0.0,0.0,0.0,0.0,0.0,0.0,0.0,5.425,19.6,0.0,0.0,0.0,0.0,0.0,0.0,0.0,0.0,3.5,8.9,0.0,0.0,0.0,0.0,0.0,0.0,0.0,0.0,7.300000000000001,19.1,0.0,0.0,0.0,0.0,0.0,0.0,0.0,0.0,4.5,11.9,0.0,0.0,0.0,0.0,0.0,0.0,0.0,0.0,9.275,16.8,0.0,0.0,0.0,0.0,0.0,0.0,0.0,0.0,6.3,14.6,0.0,0.0,0.0,0.0,0.0,0.0,0.0,0.8,5.3,13.6,0.0,0.0,0.0,0.0,0.0,0.0,0.0,0.0,1.8,1.8,0.0,0.0,0.0,0.0,0.0,0.0,0.0,0.0,2.9,14.700000000000001,0.0,0.0,0.0,0.0,0.0,0.0,0.0,0.0,4.9,13.299999999999999,0.0,0.0,0.0,0.0,0.0,0.0,0.0,0.0,1.2,1.2,0.0,0.0,0.0,0.0,0.0,0.0,0.0,0.0,5.175000000000001,15.9,0.0,0.0,0.0,0.0,0.0,0.0,0.0,0.0,7.4,16.1,0.0,0.0,0.0,0.0,0.0,0.0,0.0,0.0,1.6,22.900000000000002,0.0,0.0,0.0,0.0,0.0,0.0,0.0,0.0,4.425,19.5,0.0,0.0,0.0,0.0,0.0,0.0,0.0,0.0,15.5,23.3,0.0,0.0,0.0,0.0,0.0,0.0,0.0,0.0,5.499999999999999,16.599999999999998,0.0
